,ds,cnp_fi,cnp_fi_pred,day,hour,diff
0,2021-11-28 00:00:00,11.01,11.121803283691406,28,0,0.11180328369140646
1,2021-11-28 01:00:00,10.85,11.034178733825684,28,1,0.18417873382568395
2,2021-11-28 02:00:00,10.76,10.921363830566406,28,2,0.16136383056640646
3,2021-11-28 03:00:00,10.73,10.926484107971191,28,3,0.19648410797119098
4,2021-11-28 04:00:00,10.82,10.890257835388184,28,4,0.07025783538818331
5,2021-11-28 05:00:00,10.97,11.039144515991211,28,5,0.0691445159912103
6,2021-11-28 06:00:00,11.07,11.166272163391113,28,6,0.096272163391113
7,2021-11-28 07:00:00,11.31,11.340717315673828,28,7,0.030717315673827628
8,2021-11-28 08:00:00,11.45,11.56726360321045,28,8,0.11726360321044993
9,2021-11-28 09:00:00,11.72,11.713013648986816,28,9,0.006986351013184233
10,2021-11-28 10:00:00,11.83,11.763150215148926,28,10,0.06684978485107429
11,2021-11-28 11:00:00,11.79,11.724247932434082,28,11,0.06575206756591712
12,2021-11-28 12:00:00,11.78,11.799089431762695,28,12,0.019089431762695952
13,2021-11-28 13:00:00,11.75,11.797632217407227,28,13,0.04763221740722656
14,2021-11-28 14:00:00,11.95,11.85572338104248,28,14,0.09427661895751882
15,2021-11-28 15:00:00,12.24,12.009961128234863,28,15,0.23003887176513693
16,2021-11-28 16:00:00,12.25,12.14755630493164,28,16,0.10244369506835938
17,2021-11-28 17:00:00,12.35,12.37957763671875,28,17,0.029577636718750355
18,2021-11-28 18:00:00,12.35,12.363517761230469,28,18,0.013517761230469105
19,2021-11-28 19:00:00,12.09,12.304853439331055,28,19,0.21485343933105483
20,2021-11-28 20:00:00,11.69,12.137909889221191,28,20,0.4479098892211919
21,2021-11-28 21:00:00,11.93,11.905102729797363,28,21,0.024897270202636435
22,2021-11-28 22:00:00,11.85,11.739609718322754,28,22,0.11039028167724574
23,2021-11-28 23:00:00,11.51,11.498492240905762,28,23,0.011507759094238068
24,2021-11-29 00:00:00,11.25,11.384675025939941,29,0,0.1346750259399414
25,2021-11-29 01:00:00,11.07,11.270374298095703,29,1,0.20037429809570284
26,2021-11-29 02:00:00,11.04,11.263319969177246,29,2,0.22331996917724695
27,2021-11-29 03:00:00,11.15,11.35294246673584,29,3,0.2029424667358395
28,2021-11-29 04:00:00,11.5,11.54544734954834,29,4,0.045447349548339844
29,2021-11-29 05:00:00,12.2,11.972286224365234,29,5,0.22771377563476491
30,2021-11-29 06:00:00,12.65,12.451133728027344,29,6,0.1988662719726566
31,2021-11-29 07:00:00,12.84,12.770943641662598,29,7,0.0690563583374022
32,2021-11-29 08:00:00,12.77,12.986288070678711,29,8,0.21628807067871136
33,2021-11-29 09:00:00,12.7,13.014434814453125,29,9,0.3144348144531257
34,2021-11-29 10:00:00,12.68,12.928447723388672,29,10,0.24844772338867216
35,2021-11-29 11:00:00,12.73,12.789957046508789,29,11,0.059957046508788636
36,2021-11-29 12:00:00,12.7,12.764270782470703,29,12,0.06427078247070384
37,2021-11-29 13:00:00,12.63,12.788762092590332,29,13,0.15876209259033125
38,2021-11-29 14:00:00,12.81,12.817541122436523,29,14,0.00754112243652294
39,2021-11-29 15:00:00,12.82,12.859580039978027,29,15,0.03958003997802706
40,2021-11-29 16:00:00,12.72,13.054713249206543,29,16,0.33471324920654233
41,2021-11-29 17:00:00,12.63,13.14953899383545,29,17,0.5195389938354484
42,2021-11-29 18:00:00,12.64,13.087719917297363,29,18,0.4477199172973627
43,2021-11-29 19:00:00,12.39,12.926459312438965,29,19,0.5364593124389643
44,2021-11-29 20:00:00,12.02,12.656715393066406,29,20,0.6367153930664067
45,2021-11-29 21:00:00,12.26,12.422801971435547,29,21,0.1628019714355471
46,2021-11-29 22:00:00,12.07,12.137386322021484,29,22,0.06738632202148409
47,2021-11-29 23:00:00,11.75,11.811383247375488,29,23,0.06138324737548828
48,2021-11-30 00:00:00,11.53,11.582942008972168,30,0,0.05294200897216861
49,2021-11-30 01:00:00,11.36,11.4568510055542,30,1,0.09685100555419979
50,2021-11-30 02:00:00,11.3,11.426980018615723,30,2,0.12698001861572195
51,2021-11-30 03:00:00,11.4,11.55522346496582,30,3,0.15522346496581996
52,2021-11-30 04:00:00,11.82,11.811800003051758,30,4,0.008199996948242472
53,2021-11-30 05:00:00,12.58,12.247414588928223,30,5,0.3325854110717774
54,2021-11-30 06:00:00,12.85,12.678760528564453,30,6,0.17123947143554652
55,2021-11-30 07:00:00,13.08,12.945886611938477,30,7,0.1341133880615235
56,2021-11-30 08:00:00,13.06,13.161947250366211,30,8,0.10194725036621044
57,2021-11-30 09:00:00,13.05,13.147931098937988,30,9,0.09793109893798757
58,2021-11-30 10:00:00,13.04,13.000123023986816,30,10,0.03987697601318274
59,2021-11-30 11:00:00,13.11,12.843016624450684,30,11,0.26698337554931584
60,2021-11-30 12:00:00,12.96,12.799151420593262,30,12,0.16084857940673913
61,2021-11-30 13:00:00,12.89,12.8308687210083,30,13,0.05913127899169979
62,2021-11-30 14:00:00,13.07,12.83002758026123,30,14,0.23997241973876982
63,2021-11-30 15:00:00,13.14,12.872389793395996,30,15,0.2676102066040045
64,2021-11-30 16:00:00,13.11,13.004568099975586,30,16,0.1054319000244135
65,2021-11-30 17:00:00,13.0,13.161498069763184,30,17,0.1614980697631836
66,2021-11-30 18:00:00,13.11,13.106107711791992,30,18,0.003892288208007244
67,2021-11-30 19:00:00,12.9,12.929125785827637,30,19,0.029125785827636363
68,2021-11-30 20:00:00,12.41,12.649237632751465,30,20,0.2392376327514647
69,2021-11-30 21:00:00,12.45,12.434613227844238,30,21,0.015386772155761008
70,2021-11-30 22:00:00,12.13,12.11657428741455,30,22,0.01342571258545
71,2021-11-30 23:00:00,11.75,11.774559020996094,30,23,0.02455902099609375
72,2021-12-01 00:00:00,11.49,11.57671070098877,1,0,0.08671070098876932
73,2021-12-01 01:00:00,11.28,11.465141296386719,1,1,0.1851412963867194
74,2021-12-01 02:00:00,11.19,11.407745361328125,1,2,0.2177453613281255
75,2021-12-01 03:00:00,11.29,11.583590507507324,1,3,0.29359050750732507
76,2021-12-01 04:00:00,11.59,11.787737846374512,1,4,0.19773784637451186
77,2021-12-01 05:00:00,12.31,12.205464363098145,1,5,0.10453563690185597
78,2021-12-01 06:00:00,12.77,12.63040542602539,1,6,0.13959457397460895
79,2021-12-01 07:00:00,12.92,12.893119812011719,1,7,0.02688018798828118
80,2021-12-01 08:00:00,12.8,13.12537670135498,1,8,0.32537670135497976
81,2021-12-01 09:00:00,12.8,13.139692306518555,1,9,0.339692306518554
82,2021-12-01 10:00:00,12.79,12.975078582763672,1,10,0.18507858276367273
83,2021-12-01 11:00:00,12.79,12.847224235534668,1,11,0.05722423553466882
84,2021-12-01 12:00:00,12.73,12.760409355163574,1,12,0.030409355163573792
85,2021-12-01 13:00:00,12.76,12.807662010192871,1,13,0.04766201019287131
86,2021-12-01 14:00:00,12.84,12.794193267822266,1,14,0.04580673217773423
87,2021-12-01 15:00:00,13.03,12.83069133758545,1,15,0.19930866241455014
88,2021-12-01 16:00:00,13.08,12.97568130493164,1,16,0.10431869506835945
89,2021-12-01 17:00:00,13.13,13.09854507446289,1,17,0.03145492553711016
90,2021-12-01 18:00:00,13.2,13.095020294189453,1,18,0.10497970581054616
91,2021-12-01 19:00:00,12.98,12.918707847595215,1,19,0.06129215240478558
92,2021-12-01 20:00:00,12.52,12.654962539672852,1,20,0.134962539672852
93,2021-12-01 21:00:00,12.52,12.443816184997559,1,21,0.07618381500244098
94,2021-12-01 22:00:00,12.22,12.124136924743652,1,22,0.0958630752563483
95,2021-12-01 23:00:00,11.81,11.800085067749023,1,23,0.00991493225097706
96,2021-12-02 00:00:00,11.6,11.639820098876953,2,0,0.03982009887695348
97,2021-12-02 01:00:00,11.38,11.543843269348145,2,1,0.16384326934814375
98,2021-12-02 02:00:00,11.34,11.454198837280273,2,2,0.11419883728027358
99,2021-12-02 03:00:00,11.43,11.596138000488281,2,3,0.16613800048828153
100,2021-12-02 04:00:00,11.77,11.780654907226562,2,4,0.010654907226562926
101,2021-12-02 05:00:00,12.5,12.166921615600586,2,5,0.33307838439941406
102,2021-12-02 06:00:00,12.96,12.576815605163574,2,6,0.38318439483642663
103,2021-12-02 07:00:00,13.15,12.834858894348145,2,7,0.3151411056518558
104,2021-12-02 08:00:00,13.06,13.043146133422852,2,8,0.016853866577148935
105,2021-12-02 09:00:00,12.97,13.071213722229004,2,9,0.10121372222900327
106,2021-12-02 10:00:00,12.89,12.955533027648926,2,10,0.06553302764892521
107,2021-12-02 11:00:00,12.88,12.83127212524414,2,11,0.04872787475586016
108,2021-12-02 12:00:00,12.86,12.77963638305664,2,12,0.0803636169433588
109,2021-12-02 13:00:00,12.85,12.795724868774414,2,13,0.05427513122558558
110,2021-12-02 14:00:00,13.0,12.770918846130371,2,14,0.2290811538696289
111,2021-12-02 15:00:00,12.98,12.823321342468262,2,15,0.1566786575317387
112,2021-12-02 16:00:00,12.94,12.924798965454102,2,16,0.01520103454589794
113,2021-12-02 17:00:00,12.88,13.048676490783691,2,17,0.16867649078369062
114,2021-12-02 18:00:00,12.89,13.003725051879883,2,18,0.11372505187988224
115,2021-12-02 19:00:00,12.94,12.855276107788086,2,19,0.08472389221191357
116,2021-12-02 20:00:00,12.55,12.60639476776123,2,20,0.05639476776122976
117,2021-12-02 21:00:00,12.65,12.39424991607666,2,21,0.2557500839233402
118,2021-12-02 22:00:00,12.46,12.138879776000977,2,22,0.3211202239990243
119,2021-12-02 23:00:00,11.97,11.834508895874023,2,23,0.1354911041259772
120,2021-12-03 00:00:00,11.65,11.79544448852539,3,0,0.14544448852539027
121,2021-12-03 01:00:00,11.56,11.674182891845703,3,1,0.11418289184570263
122,2021-12-03 02:00:00,11.58,11.603021621704102,3,2,0.02302162170410149
123,2021-12-03 03:00:00,11.7,11.689191818237305,3,3,0.010808181762694602
124,2021-12-03 04:00:00,12.03,11.910882949829102,3,4,0.1191170501708978
125,2021-12-03 05:00:00,12.78,12.288294792175293,3,5,0.4917052078247064
126,2021-12-03 06:00:00,13.23,12.690667152404785,3,6,0.5393328475952153
127,2021-12-03 07:00:00,13.4,12.924083709716797,3,7,0.4759162902832035
128,2021-12-03 08:00:00,13.22,13.082893371582031,3,8,0.1371066284179694
129,2021-12-03 09:00:00,13.2,13.091215133666992,3,9,0.1087848663330071
130,2021-12-03 10:00:00,13.11,12.98469352722168,3,10,0.12530647277831974
131,2021-12-03 11:00:00,13.08,12.820832252502441,3,11,0.25916774749755866
132,2021-12-03 12:00:00,12.99,12.753325462341309,3,12,0.23667453765869162
133,2021-12-03 13:00:00,12.95,12.735559463500977,3,13,0.21444053649902273
134,2021-12-03 14:00:00,13.11,12.701112747192383,3,14,0.4088872528076166
135,2021-12-03 15:00:00,13.25,12.74644660949707,3,15,0.5035533905029297
136,2021-12-03 16:00:00,13.17,12.83579158782959,3,16,0.3342084121704101
137,2021-12-03 17:00:00,13.08,12.972347259521484,3,17,0.1076527404785157
138,2021-12-03 18:00:00,13.04,12.895898818969727,3,18,0.14410118103027258
139,2021-12-03 19:00:00,12.81,12.805051803588867,3,19,0.00494819641113331
140,2021-12-03 20:00:00,12.34,12.588065147399902,3,20,0.24806514739990249
141,2021-12-03 21:00:00,12.39,12.379964828491211,3,21,0.010035171508789631
142,2021-12-03 22:00:00,12.14,12.140236854553223,3,22,0.00023685455322208782
143,2021-12-03 23:00:00,11.66,11.865736961364746,3,23,0.20573696136474595
144,2021-12-04 00:00:00,11.3,11.486406326293945,4,0,0.1864063262939446
145,2021-12-04 01:00:00,11.11,11.421463966369629,4,1,0.3114639663696295
146,2021-12-04 02:00:00,11.04,11.301778793334961,4,2,0.2617787933349618
147,2021-12-04 03:00:00,11.04,11.374463081359863,4,3,0.33446308135986413
148,2021-12-04 04:00:00,11.19,11.400662422180176,4,4,0.21066242218017628
149,2021-12-04 05:00:00,11.49,11.632864952087402,4,5,0.14286495208740213
150,2021-12-04 06:00:00,11.64,11.793815612792969,4,6,0.15381561279296818
151,2021-12-04 07:00:00,11.97,11.979841232299805,4,7,0.009841232299804048
152,2021-12-04 08:00:00,12.16,12.137542724609375,4,8,0.022457275390625142
153,2021-12-04 09:00:00,12.25,12.20097827911377,4,9,0.04902172088623047
154,2021-12-04 10:00:00,12.32,12.25932502746582,4,10,0.06067497253417997
155,2021-12-04 11:00:00,12.37,12.182897567749023,4,11,0.18710243225097578
156,2021-12-04 12:00:00,12.33,12.158100128173828,4,12,0.17189987182617195
157,2021-12-04 13:00:00,12.39,12.191202163696289,4,13,0.1987978363037115
158,2021-12-04 14:00:00,12.75,12.200672149658203,4,14,0.5493278503417969
159,2021-12-04 15:00:00,13.13,12.344663619995117,4,15,0.7853363800048836
160,2021-12-04 16:00:00,13.31,12.423613548278809,4,16,0.8863864517211919
161,2021-12-04 17:00:00,13.41,12.582745552062988,4,17,0.8272544479370119
162,2021-12-04 18:00:00,13.32,12.525202751159668,4,18,0.7947972488403323
163,2021-12-04 19:00:00,13.05,12.406611442565918,4,19,0.6433885574340827
164,2021-12-04 20:00:00,12.67,12.233510971069336,4,20,0.436489028930664
165,2021-12-04 21:00:00,12.93,12.026322364807129,4,21,0.9036776351928708
166,2021-12-04 22:00:00,12.71,11.835639953613281,4,22,0.8743600463867196
167,2021-12-04 23:00:00,12.34,11.583817481994629,4,23,0.756182518005371
0,2021-12-05 00:00:00,12.08,12.16632080078125,5,0,0.08632080078124993
1,2021-12-05 01:00:00,11.9,12.017069816589355,5,1,0.11706981658935511
2,2021-12-05 02:00:00,11.84,11.899032592773438,5,2,0.05903259277343764
3,2021-12-05 03:00:00,11.87,11.936784744262695,5,3,0.0667847442626961
4,2021-12-05 04:00:00,12.11,11.946635246276855,5,4,0.16336475372314396
5,2021-12-05 05:00:00,12.31,12.043506622314453,5,5,0.2664933776855474
6,2021-12-05 06:00:00,12.32,12.20719051361084,5,6,0.11280948638916044
7,2021-12-05 07:00:00,12.69,12.395068168640137,5,7,0.2949318313598628
8,2021-12-05 08:00:00,12.85,12.64940071105957,5,8,0.20059928894042933
9,2021-12-05 09:00:00,13.17,12.768848419189453,5,9,0.4011515808105468
10,2021-12-05 10:00:00,13.24,12.798879623413086,5,10,0.4411203765869143
11,2021-12-05 11:00:00,13.18,12.805438995361328,5,11,0.3745610046386716
12,2021-12-05 12:00:00,13.13,12.858798027038574,5,12,0.27120197296142656
13,2021-12-05 13:00:00,13.17,12.888915061950684,5,13,0.28108493804931634
14,2021-12-05 14:00:00,13.35,12.953927040100098,5,14,0.396072959899902
15,2021-12-05 15:00:00,13.63,13.109170913696289,5,15,0.5208290863037117
16,2021-12-05 16:00:00,13.65,13.247892379760742,5,16,0.40210762023925817
17,2021-12-05 17:00:00,13.69,13.397683143615723,5,17,0.29231685638427685
18,2021-12-05 18:00:00,13.6,13.435489654541016,5,18,0.16451034545898402
19,2021-12-05 19:00:00,13.41,13.302948951721191,5,19,0.10705104827880874
20,2021-12-05 20:00:00,13.09,13.174464225769043,5,20,0.08446422576904311
21,2021-12-05 21:00:00,13.25,12.9430513381958,5,21,0.3069486618041992
22,2021-12-05 22:00:00,13.21,12.751221656799316,5,22,0.45877834320068445
23,2021-12-05 23:00:00,12.93,12.536989212036133,5,23,0.3930107879638669
24,2021-12-06 00:00:00,12.61,12.782744407653809,6,0,0.17274440765380916
25,2021-12-06 01:00:00,12.43,12.658731460571289,6,1,0.22873146057128935
26,2021-12-06 02:00:00,12.35,12.534039497375488,6,2,0.18403949737548864
27,2021-12-06 03:00:00,12.36,12.538662910461426,6,3,0.17866291046142635
28,2021-12-06 04:00:00,12.49,12.604985237121582,6,4,0.11498523712158182
29,2021-12-06 05:00:00,12.66,12.76934814453125,6,5,0.10934814453124986
30,2021-12-06 06:00:00,12.56,12.9587984085083,6,6,0.3987984085083003
31,2021-12-06 07:00:00,12.55,13.22545051574707,6,7,0.6754505157470696
32,2021-12-06 08:00:00,12.68,13.481184959411621,6,8,0.8011849594116214
33,2021-12-06 09:00:00,12.85,13.562241554260254,6,9,0.7122415542602543
34,2021-12-06 10:00:00,12.93,13.580953598022461,6,10,0.6509535980224612
35,2021-12-06 11:00:00,12.9,13.568903923034668,6,11,0.6689039230346676
36,2021-12-06 12:00:00,12.86,13.59139347076416,6,12,0.7313934707641607
37,2021-12-06 13:00:00,12.8,13.531354904174805,6,13,0.731354904174804
38,2021-12-06 14:00:00,13.0,13.608925819396973,6,14,0.6089258193969727
39,2021-12-06 15:00:00,13.26,13.721569061279297,6,15,0.4615690612792971
40,2021-12-06 16:00:00,13.3,13.835071563720703,6,16,0.5350715637207024
41,2021-12-06 17:00:00,13.29,13.959434509277344,6,17,0.6694345092773446
42,2021-12-06 18:00:00,13.21,13.987339973449707,6,18,0.7773399734497062
43,2021-12-06 19:00:00,12.99,13.859783172607422,6,19,0.8697831726074217
44,2021-12-06 20:00:00,12.68,13.726234436035156,6,20,1.0462344360351565
45,2021-12-06 21:00:00,12.97,13.49685287475586,6,21,0.5268528747558587
46,2021-12-06 22:00:00,12.87,13.339295387268066,6,22,0.4692953872680672
47,2021-12-06 23:00:00,12.55,13.089101791381836,6,23,0.5391017913818352
48,2021-12-07 00:00:00,12.32,12.396957397460938,7,0,0.07695739746093722
49,2021-12-07 01:00:00,12.17,12.291580200195312,7,1,0.12158020019531257
50,2021-12-07 02:00:00,12.15,12.278979301452637,7,2,0.12897930145263636
51,2021-12-07 03:00:00,12.37,12.358787536621094,7,3,0.011212463378905468
52,2021-12-07 04:00:00,12.71,12.567852973937988,7,4,0.14214702606201257
53,2021-12-07 05:00:00,13.46,12.912102699279785,7,5,0.5478973007202157
54,2021-12-07 06:00:00,13.57,13.208050727844238,7,6,0.361949272155762
55,2021-12-07 07:00:00,13.78,13.52468490600586,7,7,0.25531509399414
56,2021-12-07 08:00:00,13.63,13.69483470916748,7,8,0.06483470916747969
57,2021-12-07 09:00:00,13.56,13.707387924194336,7,9,0.14738792419433544
58,2021-12-07 10:00:00,13.58,13.568428039550781,7,10,0.011571960449218821
59,2021-12-07 11:00:00,13.53,13.611359596252441,7,11,0.08135959625244205
60,2021-12-07 12:00:00,13.45,13.55068302154541,7,12,0.10068302154541087
61,2021-12-07 13:00:00,13.5,13.507482528686523,7,13,0.0074825286865234375
62,2021-12-07 14:00:00,13.74,13.610187530517578,7,14,0.1298124694824221
63,2021-12-07 15:00:00,13.87,13.675355911254883,7,15,0.1946440887451164
64,2021-12-07 16:00:00,13.88,13.713604927062988,7,16,0.1663950729370125
65,2021-12-07 17:00:00,13.84,13.756762504577637,7,17,0.08323749542236314
66,2021-12-07 18:00:00,13.78,13.71632194519043,7,18,0.06367805480956967
67,2021-12-07 19:00:00,13.62,13.570699691772461,7,19,0.04930030822753828
68,2021-12-07 20:00:00,13.36,13.379210472106934,7,20,0.019210472106934162
69,2021-12-07 21:00:00,13.58,13.159201622009277,7,21,0.4207983779907227
70,2021-12-07 22:00:00,13.39,12.969282150268555,7,22,0.4207178497314459
71,2021-12-07 23:00:00,13.03,12.663987159729004,7,23,0.36601284027099545
72,2021-12-08 00:00:00,12.64,12.837099075317383,8,0,0.19709907531738224
73,2021-12-08 01:00:00,12.44,12.670341491699219,8,1,0.23034149169921925
74,2021-12-08 02:00:00,12.48,12.643613815307617,8,2,0.16361381530761676
75,2021-12-08 03:00:00,12.61,12.707376480102539,8,3,0.09737648010253963
76,2021-12-08 04:00:00,12.8,12.907790184020996,8,4,0.10779018402099538
77,2021-12-08 05:00:00,13.48,13.281997680664062,8,5,0.19800231933593793
78,2021-12-08 06:00:00,13.68,13.573659896850586,8,6,0.10634010314941378
79,2021-12-08 07:00:00,14.04,13.940045356750488,8,7,0.09995464324951087
80,2021-12-08 08:00:00,14.0,14.136931419372559,8,8,0.1369314193725586
81,2021-12-08 09:00:00,13.93,14.134079933166504,8,9,0.2040799331665042
82,2021-12-08 10:00:00,13.93,14.051589012145996,8,10,0.12158901214599638
83,2021-12-08 11:00:00,13.89,14.027304649353027,8,11,0.13730464935302678
84,2021-12-08 12:00:00,13.83,13.950251579284668,8,12,0.1202515792846679
85,2021-12-08 13:00:00,13.9,13.94847297668457,8,13,0.04847297668456996
86,2021-12-08 14:00:00,14.01,13.98599910736084,8,14,0.024000892639159943
87,2021-12-08 15:00:00,14.13,14.05592155456543,8,15,0.0740784454345711
88,2021-12-08 16:00:00,14.18,14.098522186279297,8,16,0.08147781372070284
89,2021-12-08 17:00:00,14.16,14.1651029586792,8,17,0.005102958679199077
90,2021-12-08 18:00:00,14.15,14.098424911499023,8,18,0.05157508850097692
91,2021-12-08 19:00:00,13.93,13.99167251586914,8,19,0.06167251586914091
92,2021-12-08 20:00:00,13.62,13.735417366027832,8,20,0.11541736602783281
93,2021-12-08 21:00:00,13.58,13.5182466506958,8,21,0.06175334930419929
94,2021-12-08 22:00:00,13.44,13.266499519348145,8,22,0.17350048065185497
95,2021-12-08 23:00:00,13.03,12.932211875915527,8,23,0.09778812408447202
96,2021-12-09 00:00:00,12.7,12.815267562866211,9,0,0.11526756286621165
97,2021-12-09 01:00:00,12.5,12.611824035644531,9,1,0.11182403564453125
98,2021-12-09 02:00:00,12.44,12.558822631835938,9,2,0.118822631835938
99,2021-12-09 03:00:00,12.54,12.563027381896973,9,3,0.02302738189697351
100,2021-12-09 04:00:00,12.85,12.719301223754883,9,4,0.13069877624511683
101,2021-12-09 05:00:00,13.46,13.031315803527832,9,5,0.4286841964721688
102,2021-12-09 06:00:00,13.62,13.284623146057129,9,6,0.3353768539428703
103,2021-12-09 07:00:00,13.82,13.666447639465332,9,7,0.15355236053466825
104,2021-12-09 08:00:00,13.76,13.879345893859863,9,8,0.1193458938598635
105,2021-12-09 09:00:00,13.65,13.926295280456543,9,9,0.2762952804565426
106,2021-12-09 10:00:00,13.54,13.853449821472168,9,10,0.3134498214721688
107,2021-12-09 11:00:00,13.53,13.8040771484375,9,11,0.27407714843750064
108,2021-12-09 12:00:00,13.38,13.701990127563477,9,12,0.3219901275634758
109,2021-12-09 13:00:00,13.4,13.743967056274414,9,13,0.3439670562744137
110,2021-12-09 14:00:00,13.61,13.766090393066406,9,14,0.15609039306640682
111,2021-12-09 15:00:00,13.59,13.842082977294922,9,15,0.252082977294922
112,2021-12-09 16:00:00,13.49,13.882645606994629,9,16,0.3926456069946287
113,2021-12-09 17:00:00,13.37,13.97598934173584,9,17,0.6059893417358406
114,2021-12-09 18:00:00,13.4,13.922520637512207,9,18,0.5225206375122067
115,2021-12-09 19:00:00,13.13,13.793808937072754,9,19,0.6638089370727531
116,2021-12-09 20:00:00,12.73,13.613469123840332,9,20,0.8834691238403316
117,2021-12-09 21:00:00,12.76,13.402558326721191,9,21,0.6425583267211916
118,2021-12-09 22:00:00,12.54,13.097330093383789,9,22,0.5573300933837899
119,2021-12-09 23:00:00,12.12,12.741576194763184,9,23,0.6215761947631844
120,2021-12-10 00:00:00,11.87,11.934832572937012,10,0,0.0648325729370125
121,2021-12-10 01:00:00,11.69,11.849015235900879,10,1,0.1590152359008794
122,2021-12-10 02:00:00,11.64,11.820297241210938,10,2,0.18029724121093693
123,2021-12-10 03:00:00,11.75,11.93026351928711,10,3,0.18026351928710938
124,2021-12-10 04:00:00,12.1,12.175446510314941,10,4,0.07544651031494176
125,2021-12-10 05:00:00,12.84,12.531661033630371,10,5,0.30833896636962876
126,2021-12-10 06:00:00,13.17,12.786087989807129,10,6,0.383912010192871
127,2021-12-10 07:00:00,13.35,13.084989547729492,10,7,0.26501045227050746
128,2021-12-10 08:00:00,13.19,13.197530746459961,10,8,0.007530746459961435
129,2021-12-10 09:00:00,13.01,13.200315475463867,10,9,0.1903154754638674
130,2021-12-10 10:00:00,13.04,13.15007209777832,10,10,0.11007209777832117
131,2021-12-10 11:00:00,12.97,13.033028602600098,10,11,0.06302860260009702
132,2021-12-10 12:00:00,12.94,12.942412376403809,10,12,0.002412376403809091
133,2021-12-10 13:00:00,12.94,13.004459381103516,10,13,0.06445938110351612
134,2021-12-10 14:00:00,13.03,13.018068313598633,10,14,0.011931686401366548
135,2021-12-10 15:00:00,13.05,13.116990089416504,10,15,0.0669900894165032
136,2021-12-10 16:00:00,13.0,13.126628875732422,10,16,0.12662887573242188
137,2021-12-10 17:00:00,12.9,13.1445894241333,10,17,0.24458942413330043
138,2021-12-10 18:00:00,12.79,13.051483154296875,10,18,0.26148315429687585
139,2021-12-10 19:00:00,12.56,12.906818389892578,10,19,0.3468183898925776
140,2021-12-10 20:00:00,12.15,12.666342735290527,10,20,0.516342735290527
141,2021-12-10 21:00:00,12.21,12.455543518066406,10,21,0.2455435180664054
142,2021-12-10 22:00:00,11.95,12.23072624206543,10,22,0.2807262420654304
143,2021-12-10 23:00:00,11.45,11.950709342956543,10,23,0.5007093429565437
144,2021-12-11 00:00:00,11.07,11.258423805236816,11,0,0.18842380523681612
145,2021-12-11 01:00:00,10.88,11.133184432983398,11,1,0.25318443298339766
146,2021-12-11 02:00:00,10.76,11.083711624145508,11,2,0.323711624145508
147,2021-12-11 03:00:00,10.72,11.150344848632812,11,3,0.43034484863281186
148,2021-12-11 04:00:00,10.85,11.229262351989746,11,4,0.37926235198974645
149,2021-12-11 05:00:00,11.07,11.41244125366211,11,5,0.3424412536621091
150,2021-12-11 06:00:00,11.14,11.49517822265625,11,6,0.35517822265624943
151,2021-12-11 07:00:00,11.44,11.683744430541992,11,7,0.24374443054199268
152,2021-12-11 08:00:00,11.47,11.774752616882324,11,8,0.3047526168823236
153,2021-12-11 09:00:00,11.43,11.799880027770996,11,9,0.3698800277709964
154,2021-12-11 10:00:00,11.53,11.838251113891602,11,10,0.3082511138916022
155,2021-12-11 11:00:00,11.56,11.729244232177734,11,11,0.16924423217773388
156,2021-12-11 12:00:00,11.55,11.687082290649414,11,12,0.13708229064941335
157,2021-12-11 13:00:00,11.58,11.731283187866211,11,13,0.15128318786621087
158,2021-12-11 14:00:00,11.85,11.734374046325684,11,14,0.11562595367431605
159,2021-12-11 15:00:00,11.99,11.833399772644043,11,15,0.15660022735595724
160,2021-12-11 16:00:00,12.06,11.896695137023926,11,16,0.16330486297607472
161,2021-12-11 17:00:00,12.07,11.929338455200195,11,17,0.14066154479980497
162,2021-12-11 18:00:00,11.81,11.8658447265625,11,18,0.0558447265624995
163,2021-12-11 19:00:00,11.63,11.73020076751709,11,19,0.10020076751708906
164,2021-12-11 20:00:00,11.24,11.584684371948242,11,20,0.344684371948242
165,2021-12-11 21:00:00,11.37,11.430203437805176,11,21,0.06020343780517656
166,2021-12-11 22:00:00,11.22,11.296235084533691,11,22,0.07623508453369077
167,2021-12-11 23:00:00,10.85,11.137397766113281,11,23,0.2873977661132816
0,2021-12-12 00:00:00,10.54,10.678839683532715,12,0,0.1388396835327157
1,2021-12-12 01:00:00,10.29,10.570340156555176,12,1,0.28034015655517663
2,2021-12-12 02:00:00,10.12,10.502850532531738,12,2,0.38285053253173906
3,2021-12-12 03:00:00,10.08,10.500218391418457,12,3,0.42021839141845696
4,2021-12-12 04:00:00,10.13,10.480807304382324,12,4,0.35080730438232344
5,2021-12-12 05:00:00,10.3,10.57925033569336,12,5,0.27925033569335866
6,2021-12-12 06:00:00,10.36,10.682099342346191,12,6,0.322099342346192
7,2021-12-12 07:00:00,10.67,10.826464653015137,12,7,0.1564646530151368
8,2021-12-12 08:00:00,10.73,10.890372276306152,12,8,0.16037227630615192
9,2021-12-12 09:00:00,10.82,10.970402717590332,12,9,0.15040271759033175
10,2021-12-12 10:00:00,10.91,11.079346656799316,12,10,0.16934665679931626
11,2021-12-12 11:00:00,11.01,11.034334182739258,12,11,0.024334182739258026
12,2021-12-12 12:00:00,10.95,11.115584373474121,12,12,0.1655843734741218
13,2021-12-12 13:00:00,10.98,11.122262001037598,12,13,0.14226200103759723
14,2021-12-12 14:00:00,11.21,11.156878471374512,12,14,0.053121528625489134
15,2021-12-12 15:00:00,11.33,11.355289459228516,12,15,0.025289459228515554
16,2021-12-12 16:00:00,11.4,11.466339111328125,12,16,0.06633911132812464
17,2021-12-12 17:00:00,11.37,11.669435501098633,12,17,0.2994355010986336
18,2021-12-12 18:00:00,11.37,11.678771018981934,12,18,0.3087710189819344
19,2021-12-12 19:00:00,11.1,11.558764457702637,12,19,0.4587644577026371
20,2021-12-12 20:00:00,10.78,11.417634010314941,12,20,0.637634010314942
21,2021-12-12 21:00:00,11.04,11.200032234191895,12,21,0.16003223419189538
22,2021-12-12 22:00:00,10.94,10.94859790802002,12,22,0.008597908020020029
23,2021-12-12 23:00:00,10.57,10.80825138092041,12,23,0.23825138092040987
24,2021-12-13 00:00:00,10.3,10.387985229492188,13,0,0.08798522949218679
25,2021-12-13 01:00:00,10.07,10.267768859863281,13,1,0.19776885986328097
26,2021-12-13 02:00:00,10.04,10.214893341064453,13,2,0.17489334106445398
27,2021-12-13 03:00:00,10.13,10.375502586364746,13,3,0.2455025863647453
28,2021-12-13 04:00:00,10.49,10.65631103515625,13,4,0.1663110351562498
29,2021-12-13 05:00:00,11.29,11.066494941711426,13,5,0.22350505828857337
30,2021-12-13 06:00:00,11.75,11.571293830871582,13,6,0.17870616912841797
31,2021-12-13 07:00:00,11.89,11.916069984436035,13,7,0.026069984436034588
32,2021-12-13 08:00:00,11.89,12.032809257507324,13,8,0.14280925750732365
33,2021-12-13 09:00:00,11.8,12.091346740722656,13,9,0.29134674072265554
34,2021-12-13 10:00:00,11.74,12.021353721618652,13,10,0.28135372161865213
35,2021-12-13 11:00:00,11.74,11.94649600982666,13,11,0.20649600982665994
36,2021-12-13 12:00:00,11.7,11.825539588928223,13,12,0.12553958892822337
37,2021-12-13 13:00:00,11.75,11.880598068237305,13,13,0.1305980682373047
38,2021-12-13 14:00:00,11.88,11.791855812072754,13,14,0.08814418792724688
39,2021-12-13 15:00:00,11.86,11.952948570251465,13,15,0.09294857025146541
40,2021-12-13 16:00:00,11.76,12.081391334533691,13,16,0.3213913345336916
41,2021-12-13 17:00:00,11.66,12.108271598815918,13,17,0.4482715988159178
42,2021-12-13 18:00:00,11.61,12.007613182067871,13,18,0.39761318206787166
43,2021-12-13 19:00:00,11.48,11.782303810119629,13,19,0.3023038101196285
44,2021-12-13 20:00:00,11.11,11.5601806640625,13,20,0.45018066406250057
45,2021-12-13 21:00:00,11.19,11.236190795898438,13,21,0.046190795898438
46,2021-12-13 22:00:00,10.94,10.970836639404297,13,22,0.030836639404297372
47,2021-12-13 23:00:00,10.46,10.743736267089844,13,23,0.2837362670898429
48,2021-12-14 00:00:00,10.15,10.228911399841309,14,0,0.07891139984130824
49,2021-12-14 01:00:00,9.93,10.105317115783691,14,1,0.1753171157836917
50,2021-12-14 02:00:00,9.8,10.053290367126465,14,2,0.25329036712646413
51,2021-12-14 03:00:00,9.85,10.243681907653809,14,3,0.39368190765380895
52,2021-12-14 04:00:00,10.11,10.506003379821777,14,4,0.3960033798217779
53,2021-12-14 05:00:00,10.81,10.964932441711426,14,5,0.15493244171142528
54,2021-12-14 06:00:00,11.22,11.364555358886719,14,6,0.1445553588867181
55,2021-12-14 07:00:00,11.46,11.63471508026123,14,7,0.17471508026122962
56,2021-12-14 08:00:00,11.39,11.70423412322998,14,8,0.3142341232299799
57,2021-12-14 09:00:00,11.29,11.658329010009766,14,9,0.3683290100097665
58,2021-12-14 10:00:00,11.29,11.590389251708984,14,10,0.3003892517089852
59,2021-12-14 11:00:00,11.28,11.51378059387207,14,11,0.23378059387207095
60,2021-12-14 12:00:00,11.23,11.3980131149292,14,12,0.1680131149291988
61,2021-12-14 13:00:00,11.25,11.425737380981445,14,13,0.1757373809814453
62,2021-12-14 14:00:00,11.49,11.33041763305664,14,14,0.1595823669433596
63,2021-12-14 15:00:00,11.44,11.464805603027344,14,15,0.024805603027344247
64,2021-12-14 16:00:00,11.44,11.575068473815918,14,16,0.13506847381591847
65,2021-12-14 17:00:00,11.37,11.609760284423828,14,17,0.2397602844238289
66,2021-12-14 18:00:00,11.49,11.53170394897461,14,18,0.04170394897460916
67,2021-12-14 19:00:00,11.39,11.331347465515137,14,19,0.05865253448486385
68,2021-12-14 20:00:00,10.99,11.131429672241211,14,20,0.14142967224121072
69,2021-12-14 21:00:00,11.04,10.839380264282227,14,21,0.20061973571777258
70,2021-12-14 22:00:00,10.73,10.554125785827637,14,22,0.1758742141723637
71,2021-12-14 23:00:00,10.32,10.377577781677246,14,23,0.05757778167724581
72,2021-12-15 00:00:00,9.93,10.096574783325195,15,0,0.1665747833251956
73,2021-12-15 01:00:00,9.79,9.962897300720215,15,1,0.1728973007202157
74,2021-12-15 02:00:00,9.84,9.86133861541748,15,2,0.02133861541748061
75,2021-12-15 03:00:00,9.86,9.97936725616455,15,3,0.11936725616455135
76,2021-12-15 04:00:00,10.11,10.183454513549805,15,4,0.07345451354980526
77,2021-12-15 05:00:00,10.9,10.63760757446289,15,5,0.26239242553710973
78,2021-12-15 06:00:00,11.26,11.0868558883667,15,6,0.17314411163330057
79,2021-12-15 07:00:00,11.51,11.391281127929688,15,7,0.11871887207031229
80,2021-12-15 08:00:00,11.5,11.47098445892334,15,8,0.029015541076660156
81,2021-12-15 09:00:00,11.39,11.485445022583008,15,9,0.09544502258300724
82,2021-12-15 10:00:00,11.35,11.437459945678711,15,10,0.08745994567871129
83,2021-12-15 11:00:00,11.4,11.376545906066895,15,11,0.023454093933105824
84,2021-12-15 12:00:00,11.36,11.291056632995605,15,12,0.06894336700439396
85,2021-12-15 13:00:00,11.39,11.323501586914062,15,13,0.06649841308593807
86,2021-12-15 14:00:00,11.62,11.303799629211426,15,14,0.31620037078857344
87,2021-12-15 15:00:00,11.61,11.402745246887207,15,15,0.2072547531127924
88,2021-12-15 16:00:00,11.67,11.50992202758789,15,16,0.1600779724121093
89,2021-12-15 17:00:00,11.68,11.60373592376709,15,17,0.07626407623290987
90,2021-12-15 18:00:00,11.54,11.58680248260498,15,18,0.04680248260498132
91,2021-12-15 19:00:00,11.3,11.409749984741211,15,19,0.10974998474121023
92,2021-12-15 20:00:00,10.85,11.199626922607422,15,20,0.34962692260742223
93,2021-12-15 21:00:00,10.91,10.884744644165039,15,21,0.02525535583496108
94,2021-12-15 22:00:00,10.68,10.587084770202637,15,22,0.092915229797363
95,2021-12-15 23:00:00,10.2,10.369461059570312,15,23,0.1694610595703132
96,2021-12-16 00:00:00,9.88,9.995842933654785,16,0,0.11584293365478437
97,2021-12-16 01:00:00,9.65,9.891231536865234,16,1,0.24123153686523402
98,2021-12-16 02:00:00,9.59,9.809886932373047,16,2,0.21988693237304702
99,2021-12-16 03:00:00,9.67,9.91120719909668,16,3,0.24120719909667976
100,2021-12-16 04:00:00,9.99,10.15078353881836,16,4,0.16078353881835916
101,2021-12-16 05:00:00,10.74,10.614152908325195,16,5,0.1258470916748049
102,2021-12-16 06:00:00,11.2,11.096212387084961,16,6,0.10378761291503835
103,2021-12-16 07:00:00,11.5,11.412827491760254,16,7,0.0871725082397461
104,2021-12-16 08:00:00,11.43,11.448381423950195,16,8,0.018381423950195597
105,2021-12-16 09:00:00,11.34,11.477853775024414,16,9,0.1378537750244142
106,2021-12-16 10:00:00,11.32,11.395227432250977,16,10,0.07522743225097628
107,2021-12-16 11:00:00,11.28,11.32861042022705,16,11,0.04861042022705142
108,2021-12-16 12:00:00,11.29,11.263072967529297,16,12,0.026927032470702272
109,2021-12-16 13:00:00,11.29,11.287412643432617,16,13,0.00258735656738196
110,2021-12-16 14:00:00,11.45,11.292737007141113,16,14,0.157262992858886
111,2021-12-16 15:00:00,11.57,11.348875045776367,16,15,0.2211249542236331
112,2021-12-16 16:00:00,11.63,11.452838897705078,16,16,0.17716110229492266
113,2021-12-16 17:00:00,11.57,11.501379013061523,16,17,0.06862098693847685
114,2021-12-16 18:00:00,11.58,11.425296783447266,16,18,0.15470321655273445
115,2021-12-16 19:00:00,11.51,11.264402389526367,16,19,0.2455976104736326
116,2021-12-16 20:00:00,11.07,11.061485290527344,16,20,0.008514709472656534
117,2021-12-16 21:00:00,11.15,10.749713897705078,16,21,0.40028610229492223
118,2021-12-16 22:00:00,10.89,10.4837064743042,16,22,0.40629352569580135
119,2021-12-16 23:00:00,10.49,10.248503684997559,16,23,0.24149631500244162
120,2021-12-17 00:00:00,10.15,10.280271530151367,17,0,0.13027153015136683
121,2021-12-17 01:00:00,9.94,10.168415069580078,17,1,0.22841506958007862
122,2021-12-17 02:00:00,9.86,10.097732543945312,17,2,0.23773254394531307
123,2021-12-17 03:00:00,9.91,10.153639793395996,17,3,0.24363979339599595
124,2021-12-17 04:00:00,10.27,10.376585960388184,17,4,0.10658596038818402
125,2021-12-17 05:00:00,10.99,10.841484069824219,17,5,0.14851593017578146
126,2021-12-17 06:00:00,11.49,11.303705215454102,17,6,0.18629478454589865
127,2021-12-17 07:00:00,11.8,11.62106704711914,17,7,0.17893295288086009
128,2021-12-17 08:00:00,11.76,11.683547019958496,17,8,0.0764529800415037
129,2021-12-17 09:00:00,11.63,11.696685791015625,17,9,0.06668579101562422
130,2021-12-17 10:00:00,11.61,11.607006072998047,17,10,0.0029939270019525566
131,2021-12-17 11:00:00,11.53,11.514636993408203,17,11,0.015363006591796236
132,2021-12-17 12:00:00,11.39,11.420089721679688,17,12,0.03008972167968693
133,2021-12-17 13:00:00,11.37,11.383081436157227,17,13,0.013081436157227344
134,2021-12-17 14:00:00,11.65,11.352761268615723,17,14,0.2972387313842777
135,2021-12-17 15:00:00,11.73,11.42793083190918,17,15,0.30206916809082074
136,2021-12-17 16:00:00,11.67,11.53912353515625,17,16,0.13087646484374993
137,2021-12-17 17:00:00,11.64,11.556609153747559,17,17,0.08339084625244197
138,2021-12-17 18:00:00,11.66,11.508667945861816,17,18,0.15133205413818374
139,2021-12-17 19:00:00,11.56,11.362954139709473,17,19,0.19704586029052784
140,2021-12-17 20:00:00,11.13,11.208711624145508,17,20,0.07871162414550703
141,2021-12-17 21:00:00,11.2,10.892372131347656,17,21,0.30762786865234304
142,2021-12-17 22:00:00,10.96,10.640156745910645,17,22,0.3198432540893563
143,2021-12-17 23:00:00,10.46,10.408676147460938,17,23,0.05132385253906335
144,2021-12-18 00:00:00,10.12,10.268224716186523,18,0,0.14822471618652422
145,2021-12-18 01:00:00,9.92,10.121136665344238,18,1,0.20113666534423835
146,2021-12-18 02:00:00,9.82,10.060286521911621,18,2,0.2402865219116208
147,2021-12-18 03:00:00,9.82,9.985579490661621,18,3,0.1655794906616208
148,2021-12-18 04:00:00,9.85,10.031826972961426,18,4,0.18182697296142614
149,2021-12-18 05:00:00,10.14,10.200931549072266,18,5,0.06093154907226506
150,2021-12-18 06:00:00,10.25,10.429304122924805,18,6,0.1793041229248047
151,2021-12-18 07:00:00,10.5,10.659156799316406,18,7,0.15915679931640625
152,2021-12-18 08:00:00,10.63,10.800394058227539,18,8,0.17039405822753828
153,2021-12-18 09:00:00,10.71,10.885720252990723,18,9,0.1757202529907218
154,2021-12-18 10:00:00,10.7,10.969688415527344,18,10,0.26968841552734446
155,2021-12-18 11:00:00,10.71,10.935920715332031,18,11,0.2259207153320304
156,2021-12-18 12:00:00,10.72,10.888111114501953,18,12,0.16811111450195249
157,2021-12-18 13:00:00,10.77,10.869734764099121,18,13,0.09973476409912152
158,2021-12-18 14:00:00,11.07,10.87690544128418,18,14,0.1930945587158206
159,2021-12-18 15:00:00,11.28,11.00372314453125,18,15,0.27627685546874936
160,2021-12-18 16:00:00,11.44,11.126585006713867,18,16,0.3134149932861323
161,2021-12-18 17:00:00,11.53,11.23588752746582,18,17,0.29411247253417905
162,2021-12-18 18:00:00,11.41,11.267171859741211,18,18,0.1428281402587892
163,2021-12-18 19:00:00,11.06,11.19001579284668,18,19,0.1300157928466792
164,2021-12-18 20:00:00,10.6,11.006758689880371,18,20,0.40675868988037145
165,2021-12-18 21:00:00,10.76,10.76967716217041,18,21,0.00967716217041037
166,2021-12-18 22:00:00,10.57,10.518296241760254,18,22,0.05170375823974638
167,2021-12-18 23:00:00,10.26,10.310687065124512,18,23,0.05068706512451193
0,2021-12-19 00:00:00,9.92,10.138946533203125,19,0,0.21894653320312507
1,2021-12-19 01:00:00,9.68,9.992240905761719,19,1,0.31224090576171903
2,2021-12-19 02:00:00,9.58,9.9420166015625,19,2,0.36201660156249993
3,2021-12-19 03:00:00,9.57,9.929819107055664,19,3,0.3598191070556638
4,2021-12-19 04:00:00,9.64,9.869626998901367,19,4,0.22962699890136662
5,2021-12-19 05:00:00,9.85,9.98596477508545,19,5,0.13596477508544957
6,2021-12-19 06:00:00,10.01,9.972515106201172,19,6,0.03748489379882791
7,2021-12-19 07:00:00,10.32,10.146292686462402,19,7,0.17370731353759794
8,2021-12-19 08:00:00,10.47,10.30224323272705,19,8,0.16775676727294986
9,2021-12-19 09:00:00,10.6,10.516258239746094,19,9,0.0837417602539059
10,2021-12-19 10:00:00,10.74,10.617380142211914,19,10,0.12261985778808615
11,2021-12-19 11:00:00,10.81,10.719976425170898,19,11,0.09002357482910206
12,2021-12-19 12:00:00,10.84,10.703824996948242,19,12,0.13617500305175767
13,2021-12-19 13:00:00,10.89,10.822931289672852,19,13,0.067068710327149
14,2021-12-19 14:00:00,11.1,10.88310718536377,19,14,0.2168928146362301
15,2021-12-19 15:00:00,11.26,11.021663665771484,19,15,0.2383363342285154
16,2021-12-19 16:00:00,11.45,11.29131031036377,19,16,0.15868968963622976
17,2021-12-19 17:00:00,11.6,11.407307624816895,19,17,0.1926923751831051
18,2021-12-19 18:00:00,11.58,11.48233413696289,19,18,0.09766586303710945
19,2021-12-19 19:00:00,11.51,11.410795211791992,19,19,0.0992047882080076
20,2021-12-19 20:00:00,11.25,11.184606552124023,19,20,0.06539344787597656
21,2021-12-19 21:00:00,11.48,11.0005464553833,19,21,0.47945354461669965
22,2021-12-19 22:00:00,11.39,10.722867012023926,19,22,0.6671329879760748
23,2021-12-19 23:00:00,11.07,10.449621200561523,19,23,0.6203787994384768
24,2021-12-20 00:00:00,10.79,10.947853088378906,20,0,0.1578530883789071
25,2021-12-20 01:00:00,10.63,10.875751495361328,20,1,0.24575149536132734
26,2021-12-20 02:00:00,10.64,10.858736038208008,20,2,0.21873603820800724
27,2021-12-20 03:00:00,10.82,10.846305847167969,20,3,0.026305847167968466
28,2021-12-20 04:00:00,11.25,11.061119079589844,20,4,0.18888092041015625
29,2021-12-20 05:00:00,12.06,11.565366744995117,20,5,0.4946332550048833
30,2021-12-20 06:00:00,12.58,12.087799072265625,20,6,0.49220092773437507
31,2021-12-20 07:00:00,12.93,12.44948959350586,20,7,0.48051040649414034
32,2021-12-20 08:00:00,12.9,12.639575004577637,20,8,0.26042499542236364
33,2021-12-20 09:00:00,12.82,12.653414726257324,20,9,0.16658527374267607
34,2021-12-20 10:00:00,12.89,12.622726440429688,20,10,0.26727355957031307
35,2021-12-20 11:00:00,12.8,12.543231964111328,20,11,0.2567680358886726
36,2021-12-20 12:00:00,12.75,12.498859405517578,20,12,0.2511405944824219
37,2021-12-20 13:00:00,12.71,12.440573692321777,20,13,0.2694263076782235
38,2021-12-20 14:00:00,12.92,12.436287879943848,20,14,0.4837121200561523
39,2021-12-20 15:00:00,13.01,12.526403427124023,20,15,0.48359657287597635
40,2021-12-20 16:00:00,12.99,12.765509605407715,20,16,0.22449039459228537
41,2021-12-20 17:00:00,12.92,12.921279907226562,20,17,0.001279907226562571
42,2021-12-20 18:00:00,12.9,12.948933601379395,20,18,0.048933601379394176
43,2021-12-20 19:00:00,12.77,12.820377349853516,20,19,0.05037734985351605
44,2021-12-20 20:00:00,12.34,12.530878067016602,20,20,0.1908780670166017
45,2021-12-20 21:00:00,12.4,12.29864501953125,20,21,0.10135498046875036
46,2021-12-20 22:00:00,12.19,11.959145545959473,20,22,0.23085445404052685
47,2021-12-20 23:00:00,11.77,11.643633842468262,20,23,0.12636615753173785
48,2021-12-21 00:00:00,11.43,11.583444595336914,21,0,0.15344459533691435
49,2021-12-21 01:00:00,11.28,11.452995300292969,21,1,0.1729953002929694
50,2021-12-21 02:00:00,11.26,11.412141799926758,21,2,0.15214179992675803
51,2021-12-21 03:00:00,11.28,11.399662017822266,21,3,0.11966201782226626
52,2021-12-21 04:00:00,11.63,11.681550025939941,21,4,0.051550025939940625
53,2021-12-21 05:00:00,12.34,12.158836364746094,21,5,0.1811636352539061
54,2021-12-21 06:00:00,12.82,12.73964786529541,21,6,0.08035213470459013
55,2021-12-21 07:00:00,13.08,13.06287670135498,21,7,0.017123298645019602
56,2021-12-21 08:00:00,13.0,13.097055435180664,21,8,0.09705543518066406
57,2021-12-21 09:00:00,12.99,13.058738708496094,21,9,0.06873870849609354
58,2021-12-21 10:00:00,12.99,12.993956565856934,21,10,0.003956565856933381
59,2021-12-21 11:00:00,13.01,12.885470390319824,21,11,0.12452960968017557
60,2021-12-21 12:00:00,12.99,12.781102180480957,21,12,0.20889781951904318
61,2021-12-21 13:00:00,12.97,12.735231399536133,21,13,0.23476860046386783
62,2021-12-21 14:00:00,13.08,12.67335033416748,21,14,0.4066496658325196
63,2021-12-21 15:00:00,13.2,12.776887893676758,21,15,0.4231121063232415
64,2021-12-21 16:00:00,13.2,13.017119407653809,21,16,0.1828805923461907
65,2021-12-21 17:00:00,13.18,13.064434051513672,21,17,0.11556594848632784
66,2021-12-21 18:00:00,13.21,13.170388221740723,21,18,0.039611778259278196
67,2021-12-21 19:00:00,13.03,13.042533874511719,21,19,0.01253387451171939
68,2021-12-21 20:00:00,12.63,12.827712059020996,21,20,0.1977120590209953
69,2021-12-21 21:00:00,12.67,12.540926933288574,21,21,0.1290730667114257
70,2021-12-21 22:00:00,12.46,12.234453201293945,21,22,0.22554679870605554
71,2021-12-21 23:00:00,12.03,11.916078567504883,21,23,0.11392143249511655
72,2021-12-22 00:00:00,11.76,11.832601547241211,22,0,0.07260154724121115
73,2021-12-22 01:00:00,11.59,11.67688274383545,22,1,0.08688274383544936
74,2021-12-22 02:00:00,11.53,11.6281099319458,22,2,0.09810993194580142
75,2021-12-22 03:00:00,11.6,11.625589370727539,22,3,0.025589370727539418
76,2021-12-22 04:00:00,11.94,11.879420280456543,22,4,0.060579719543456534
77,2021-12-22 05:00:00,12.58,12.288468360900879,22,5,0.29153163909912116
78,2021-12-22 06:00:00,12.98,12.792497634887695,22,6,0.1875023651123051
79,2021-12-22 07:00:00,13.24,13.123083114624023,22,7,0.11691688537597678
80,2021-12-22 08:00:00,13.17,13.175811767578125,22,8,0.005811767578125071
81,2021-12-22 09:00:00,13.12,13.17467212677002,22,9,0.05467212677002031
82,2021-12-22 10:00:00,13.11,13.118459701538086,22,10,0.008459701538086506
83,2021-12-22 11:00:00,13.06,13.020288467407227,22,11,0.039711532592773935
84,2021-12-22 12:00:00,12.96,12.951395034790039,22,12,0.00860496520996179
85,2021-12-22 13:00:00,12.91,12.919785499572754,22,13,0.009785499572753764
86,2021-12-22 14:00:00,13.03,12.869695663452148,22,14,0.16030433654785092
87,2021-12-22 15:00:00,13.12,12.953093528747559,22,15,0.16690647125244062
88,2021-12-22 16:00:00,13.09,13.131064414978027,22,16,0.041064414978027486
89,2021-12-22 17:00:00,13.05,13.198436737060547,22,17,0.14843673706054616
90,2021-12-22 18:00:00,13.02,13.2278413772583,22,18,0.2078413772583012
91,2021-12-22 19:00:00,12.78,13.10885238647461,22,19,0.32885238647461
92,2021-12-22 20:00:00,12.46,12.889812469482422,22,20,0.429812469482421
93,2021-12-22 21:00:00,12.41,12.608818054199219,22,21,0.1988180541992186
94,2021-12-22 22:00:00,12.1,12.326271057128906,22,22,0.2262710571289066
95,2021-12-22 23:00:00,11.64,12.015027046203613,22,23,0.3750270462036127
96,2021-12-23 00:00:00,11.2,11.459823608398438,23,0,0.2598236083984382
97,2021-12-23 01:00:00,10.95,11.345964431762695,23,1,0.395964431762696
98,2021-12-23 02:00:00,10.71,11.254403114318848,23,2,0.5444031143188468
99,2021-12-23 03:00:00,10.74,11.234749794006348,23,3,0.49474979400634744
100,2021-12-23 04:00:00,10.95,11.32007884979248,23,4,0.3700788497924812
101,2021-12-23 05:00:00,11.46,11.556700706481934,23,5,0.09670070648193274
102,2021-12-23 06:00:00,11.76,11.800271034240723,23,6,0.04027103424072287
103,2021-12-23 07:00:00,12.09,12.002561569213867,23,7,0.08743843078613267
104,2021-12-23 08:00:00,12.17,12.119775772094727,23,8,0.050224227905273366
105,2021-12-23 09:00:00,12.0,12.21265983581543,23,9,0.2126598358154297
106,2021-12-23 10:00:00,11.88,12.279983520507812,23,10,0.3999835205078117
107,2021-12-23 11:00:00,11.88,12.26705265045166,23,11,0.3870526504516594
108,2021-12-23 12:00:00,11.82,12.313989639282227,23,12,0.4939896392822263
109,2021-12-23 13:00:00,11.72,12.302022933959961,23,13,0.5820229339599603
110,2021-12-23 14:00:00,11.9,12.344183921813965,23,14,0.4441839218139645
111,2021-12-23 15:00:00,11.97,12.394515991210938,23,15,0.42451599121093686
112,2021-12-23 16:00:00,11.95,12.532306671142578,23,16,0.5823066711425788
113,2021-12-23 17:00:00,11.95,12.660446166992188,23,17,0.7104461669921882
114,2021-12-23 18:00:00,11.94,12.633209228515625,23,18,0.6932092285156255
115,2021-12-23 19:00:00,11.81,12.52422046661377,23,19,0.714220466613769
116,2021-12-23 20:00:00,11.44,12.317962646484375,23,20,0.8779626464843755
117,2021-12-23 21:00:00,11.59,12.113316535949707,23,21,0.5233165359497072
118,2021-12-23 22:00:00,11.35,11.870963096618652,23,22,0.5209630966186527
119,2021-12-23 23:00:00,10.91,11.650954246520996,23,23,0.740954246520996
120,2021-12-24 00:00:00,10.44,10.76378059387207,24,0,0.3237805938720708
121,2021-12-24 01:00:00,10.27,10.711596488952637,24,1,0.44159648895263715
122,2021-12-24 02:00:00,10.21,10.629223823547363,24,2,0.41922382354736243
123,2021-12-24 03:00:00,10.24,10.722041130065918,24,3,0.48204113006591776
124,2021-12-24 04:00:00,10.43,10.850180625915527,24,4,0.42018062591552763
125,2021-12-24 05:00:00,10.72,11.153088569641113,24,5,0.43308856964111264
126,2021-12-24 06:00:00,11.04,11.470855712890625,24,6,0.43085571289062585
127,2021-12-24 07:00:00,11.55,11.638529777526855,24,7,0.08852977752685476
128,2021-12-24 08:00:00,11.81,11.731118202209473,24,8,0.07888179779052784
129,2021-12-24 09:00:00,11.96,11.854279518127441,24,9,0.10572048187255945
130,2021-12-24 10:00:00,12.01,11.817771911621094,24,10,0.19222808837890604
131,2021-12-24 11:00:00,11.93,11.847723960876465,24,11,0.08227603912353487
132,2021-12-24 12:00:00,11.8,11.818315505981445,24,12,0.018315505981444602
133,2021-12-24 13:00:00,11.84,11.81742000579834,24,13,0.022579994201660014
134,2021-12-24 14:00:00,12.03,11.912845611572266,24,14,0.11715438842773374
135,2021-12-24 15:00:00,12.14,12.033041954040527,24,15,0.10695804595947322
136,2021-12-24 16:00:00,12.02,12.209335327148438,24,16,0.18933532714843793
137,2021-12-24 17:00:00,11.9,12.291840553283691,24,17,0.39184055328369105
138,2021-12-24 18:00:00,11.8,12.278736114501953,24,18,0.4787361145019524
139,2021-12-24 19:00:00,11.71,12.135143280029297,24,19,0.425143280029296
140,2021-12-24 20:00:00,11.53,11.89844799041748,24,20,0.3684479904174811
141,2021-12-24 21:00:00,11.88,11.663772583007812,24,21,0.21622741699218828
142,2021-12-24 22:00:00,11.86,11.408003807067871,24,22,0.45199619293212834
143,2021-12-24 23:00:00,11.57,11.204931259155273,24,23,0.36506874084472685
144,2021-12-25 00:00:00,11.36,11.442988395690918,25,0,0.08298839569091854
145,2021-12-25 01:00:00,11.07,11.317895889282227,25,1,0.24789588928222628
146,2021-12-25 02:00:00,10.87,11.2529296875,25,2,0.3829296875000008
147,2021-12-25 03:00:00,10.93,11.30093002319336,25,3,0.37093002319335966
148,2021-12-25 04:00:00,11.04,11.332422256469727,25,4,0.2924222564697274
149,2021-12-25 05:00:00,11.07,11.503291130065918,25,5,0.4332911300659177
150,2021-12-25 06:00:00,11.11,11.663288116455078,25,6,0.5532881164550787
151,2021-12-25 07:00:00,11.36,11.835612297058105,25,7,0.47561229705810604
152,2021-12-25 08:00:00,11.49,11.99837589263916,25,8,0.5083758926391599
153,2021-12-25 09:00:00,11.62,12.294769287109375,25,9,0.6747692871093758
154,2021-12-25 10:00:00,11.73,12.337457656860352,25,10,0.6074576568603511
155,2021-12-25 11:00:00,11.73,12.366294860839844,25,11,0.6362948608398433
156,2021-12-25 12:00:00,11.63,12.347331047058105,25,12,0.7173310470581047
157,2021-12-25 13:00:00,11.69,12.398138999938965,25,13,0.7081389999389653
158,2021-12-25 14:00:00,11.87,12.464375495910645,25,14,0.5943754959106453
159,2021-12-25 15:00:00,12.09,12.549199104309082,25,15,0.4591991043090822
160,2021-12-25 16:00:00,12.13,12.80782413482666,25,16,0.6778241348266594
161,2021-12-25 17:00:00,12.15,12.882936477661133,25,17,0.7329364776611325
162,2021-12-25 18:00:00,12.12,12.964484214782715,25,18,0.8444842147827156
163,2021-12-25 19:00:00,11.94,12.79265308380127,25,19,0.85265308380127
164,2021-12-25 20:00:00,11.66,12.559001922607422,25,20,0.8990019226074217
165,2021-12-25 21:00:00,11.96,12.318314552307129,25,21,0.35831455230712805
166,2021-12-25 22:00:00,11.88,12.057377815246582,25,22,0.17737781524658125
167,2021-12-25 23:00:00,11.56,11.817222595214844,25,23,0.25722259521484325
0,2021-12-26 00:00:00,11.25,11.365257263183594,26,0,0.11525726318359375
1,2021-12-26 01:00:00,11.15,11.250958442687988,26,1,0.10095844268798793
2,2021-12-26 02:00:00,11.16,11.29461669921875,26,2,0.13461669921874986
3,2021-12-26 03:00:00,11.21,11.20229721069336,26,3,0.007702789306641478
4,2021-12-26 04:00:00,11.3,11.24610424041748,26,4,0.05389575958252024
5,2021-12-26 05:00:00,11.48,11.367083549499512,26,5,0.11291645050048871
6,2021-12-26 06:00:00,11.52,11.463786125183105,26,6,0.056213874816894105
7,2021-12-26 07:00:00,11.86,11.776611328125,26,7,0.08338867187499943
8,2021-12-26 08:00:00,12.02,11.865363121032715,26,8,0.15463687896728473
9,2021-12-26 09:00:00,12.12,12.052689552307129,26,9,0.06731044769287031
10,2021-12-26 10:00:00,12.23,12.097676277160645,26,10,0.1323237228393559
11,2021-12-26 11:00:00,12.21,11.981241226196289,26,11,0.2287587738037118
12,2021-12-26 12:00:00,12.05,12.06522274017334,26,12,0.015222740173339133
13,2021-12-26 13:00:00,12.07,12.078291893005371,26,13,0.00829189300537081
14,2021-12-26 14:00:00,12.21,12.141819953918457,26,14,0.06818004608154382
15,2021-12-26 15:00:00,12.49,12.230052947998047,26,15,0.25994705200195334
16,2021-12-26 16:00:00,12.55,12.293686866760254,26,16,0.2563131332397468
17,2021-12-26 17:00:00,12.62,12.540196418762207,26,17,0.07980358123779219
18,2021-12-26 18:00:00,12.57,12.539592742919922,26,18,0.03040725708007841
19,2021-12-26 19:00:00,12.38,12.595661163330078,26,19,0.21566116333007734
20,2021-12-26 20:00:00,12.04,12.392267227172852,26,20,0.3522672271728524
21,2021-12-26 21:00:00,12.25,12.228361129760742,26,21,0.021638870239257812
22,2021-12-26 22:00:00,12.15,12.009061813354492,26,22,0.14093818664550817
23,2021-12-26 23:00:00,11.78,11.737468719482422,26,23,0.042531280517577486
24,2021-12-27 00:00:00,11.46,11.589764595031738,27,0,0.12976459503173743
25,2021-12-27 01:00:00,11.22,11.436241149902344,27,1,0.2162411499023431
26,2021-12-27 02:00:00,11.18,11.401317596435547,27,2,0.22131759643554716
27,2021-12-27 03:00:00,11.27,11.4369478225708,27,3,0.1669478225708012
28,2021-12-27 04:00:00,11.61,11.727216720581055,27,4,0.11721672058105526
29,2021-12-27 05:00:00,12.18,12.190114974975586,27,5,0.010114974975586222
30,2021-12-27 06:00:00,12.47,12.742278099060059,27,6,0.27227809906005795
31,2021-12-27 07:00:00,12.79,13.228471755981445,27,7,0.43847175598144617
32,2021-12-27 08:00:00,12.91,13.328022956848145,27,8,0.4180229568481444
33,2021-12-27 09:00:00,12.92,13.373811721801758,27,9,0.4538117218017579
34,2021-12-27 10:00:00,12.94,13.336051940917969,27,10,0.39605194091796925
35,2021-12-27 11:00:00,12.91,13.115203857421875,27,11,0.20520385742187486
36,2021-12-27 12:00:00,12.84,13.042757987976074,27,12,0.20275798797607436
37,2021-12-27 13:00:00,12.88,12.967785835266113,27,13,0.0877858352661125
38,2021-12-27 14:00:00,13.06,12.949560165405273,27,14,0.11043983459472706
39,2021-12-27 15:00:00,13.17,13.086000442504883,27,15,0.08399955749511712
40,2021-12-27 16:00:00,13.2,13.15654182434082,27,16,0.04345817565917898
41,2021-12-27 17:00:00,13.22,13.201577186584473,27,17,0.018422813415527983
42,2021-12-27 18:00:00,13.22,13.105045318603516,27,18,0.11495468139648501
43,2021-12-27 19:00:00,13.02,12.948718070983887,27,19,0.07128192901611285
44,2021-12-27 20:00:00,12.63,12.740443229675293,27,20,0.11044322967529219
45,2021-12-27 21:00:00,12.79,12.50545883178711,27,21,0.2845411682128898
46,2021-12-27 22:00:00,12.65,12.130523681640625,27,22,0.5194763183593754
47,2021-12-27 23:00:00,12.13,11.798023223876953,27,23,0.33197677612304766
48,2021-12-28 00:00:00,11.84,11.814210891723633,28,0,0.025789108276367045
49,2021-12-28 01:00:00,11.57,11.621269226074219,28,1,0.051269226074218466
50,2021-12-28 02:00:00,11.54,11.539877891540527,28,2,0.0001221084594718036
51,2021-12-28 03:00:00,11.58,11.52987003326416,28,3,0.050129966735839915
52,2021-12-28 04:00:00,11.85,11.750385284423828,28,4,0.09961471557617152
53,2021-12-28 05:00:00,12.39,12.084651947021484,28,5,0.3053480529785162
54,2021-12-28 06:00:00,12.59,12.609659194946289,28,6,0.019659194946289205
55,2021-12-28 07:00:00,12.87,13.10596752166748,28,7,0.23596752166748125
56,2021-12-28 08:00:00,12.84,13.19894027709961,28,8,0.3589402770996095
57,2021-12-28 09:00:00,12.76,13.251363754272461,28,9,0.49136375427246115
58,2021-12-28 10:00:00,12.77,13.176270484924316,28,10,0.40627048492431683
59,2021-12-28 11:00:00,12.71,12.996357917785645,28,11,0.2863579177856437
60,2021-12-28 12:00:00,12.62,12.932504653930664,28,12,0.31250465393066484
61,2021-12-28 13:00:00,12.54,12.903660774230957,28,13,0.3636607742309579
62,2021-12-28 14:00:00,12.6,12.845842361450195,28,14,0.24584236145019567
63,2021-12-28 15:00:00,12.73,13.037485122680664,28,15,0.30748512268066364
64,2021-12-28 16:00:00,12.73,13.066263198852539,28,16,0.33626319885253864
65,2021-12-28 17:00:00,12.65,13.061192512512207,28,17,0.4111925125122067
66,2021-12-28 18:00:00,12.58,13.03404712677002,28,18,0.45404712677001946
67,2021-12-28 19:00:00,12.31,12.882763862609863,28,19,0.5727638626098628
68,2021-12-28 20:00:00,11.79,12.71145248413086,28,20,0.9214524841308602
69,2021-12-28 21:00:00,11.85,12.452624320983887,28,21,0.6026243209838871
70,2021-12-28 22:00:00,11.66,12.140717506408691,28,22,0.48071750640869126
71,2021-12-28 23:00:00,11.22,11.854604721069336,28,23,0.6346047210693353
72,2021-12-29 00:00:00,10.88,10.966654777526855,29,0,0.08665477752685469
73,2021-12-29 01:00:00,10.73,10.796408653259277,29,1,0.06640865325927692
74,2021-12-29 02:00:00,10.68,10.724608421325684,29,2,0.04460842132568388
75,2021-12-29 03:00:00,10.7,10.7787446975708,29,3,0.07874469757080149
76,2021-12-29 04:00:00,10.89,11.13249683380127,29,4,0.24249683380126896
77,2021-12-29 05:00:00,11.47,11.528586387634277,29,5,0.058586387634276704
78,2021-12-29 06:00:00,11.75,12.070525169372559,29,6,0.3205251693725586
79,2021-12-29 07:00:00,11.96,12.477764129638672,29,7,0.517764129638671
80,2021-12-29 08:00:00,11.95,12.562553405761719,29,8,0.6125534057617195
81,2021-12-29 09:00:00,11.92,12.544963836669922,29,9,0.624963836669922
82,2021-12-29 10:00:00,11.98,12.433501243591309,29,10,0.45350124359130817
83,2021-12-29 11:00:00,12.07,12.309795379638672,29,11,0.2397953796386716
84,2021-12-29 12:00:00,12.06,12.280054092407227,29,12,0.22005409240722607
85,2021-12-29 13:00:00,12.01,12.200172424316406,29,13,0.19017242431640646
86,2021-12-29 14:00:00,12.19,12.175185203552246,29,14,0.014814796447753409
87,2021-12-29 15:00:00,12.25,12.321727752685547,29,15,0.07172775268554688
88,2021-12-29 16:00:00,12.2,12.39083480834961,29,16,0.19083480834961009
89,2021-12-29 17:00:00,12.13,12.337766647338867,29,17,0.2077666473388664
90,2021-12-29 18:00:00,12.08,12.310114860534668,29,18,0.2301148605346679
91,2021-12-29 19:00:00,11.78,12.069270133972168,29,19,0.2892701339721686
92,2021-12-29 20:00:00,11.47,11.889853477478027,29,20,0.4198534774780267
93,2021-12-29 21:00:00,11.55,11.58786392211914,29,21,0.037863922119139914
94,2021-12-29 22:00:00,11.35,11.266879081726074,29,22,0.08312091827392543
95,2021-12-29 23:00:00,10.83,10.935493469238281,29,23,0.10549346923828118
96,2021-12-30 00:00:00,10.38,10.587834358215332,30,0,0.20783435821533125
97,2021-12-30 01:00:00,10.15,10.446462631225586,30,1,0.2964626312255856
98,2021-12-30 02:00:00,10.06,10.346933364868164,30,2,0.28693336486816357
99,2021-12-30 03:00:00,10.11,10.328839302062988,30,3,0.21883930206298885
100,2021-12-30 04:00:00,10.36,10.474180221557617,30,4,0.11418022155761776
101,2021-12-30 05:00:00,10.95,10.743244171142578,30,5,0.20675582885742116
102,2021-12-30 06:00:00,11.13,11.172287940979004,30,6,0.042287940979003125
103,2021-12-30 07:00:00,11.44,11.575151443481445,30,7,0.1351514434814458
104,2021-12-30 08:00:00,11.49,11.739052772521973,30,8,0.24905277252197244
105,2021-12-30 09:00:00,11.51,11.784610748291016,30,9,0.27461074829101584
106,2021-12-30 10:00:00,11.51,11.714178085327148,30,10,0.20417808532714865
107,2021-12-30 11:00:00,11.57,11.665343284606934,30,11,0.09534328460693331
108,2021-12-30 12:00:00,11.58,11.626920700073242,30,12,0.046920700073242116
109,2021-12-30 13:00:00,11.57,11.581185340881348,30,13,0.011185340881347372
110,2021-12-30 14:00:00,11.68,11.571359634399414,30,14,0.10864036560058565
111,2021-12-30 15:00:00,11.78,11.685198783874512,30,15,0.09480121612548764
112,2021-12-30 16:00:00,11.8,11.736982345581055,30,16,0.06301765441894602
113,2021-12-30 17:00:00,11.76,11.777467727661133,30,17,0.017467727661133026
114,2021-12-30 18:00:00,11.75,11.715421676635742,30,18,0.03457832336425781
115,2021-12-30 19:00:00,11.58,11.525686264038086,30,19,0.054313735961914134
116,2021-12-30 20:00:00,11.08,11.308632850646973,30,20,0.22863285064697259
117,2021-12-30 21:00:00,11.19,11.087385177612305,30,21,0.10261482238769482
118,2021-12-30 22:00:00,11.01,10.813552856445312,30,22,0.1964471435546873
119,2021-12-30 23:00:00,10.54,10.507989883422852,30,23,0.032010116577147585
120,2021-12-31 00:00:00,10.08,10.27868366241455,31,0,0.1986836624145507
121,2021-12-31 01:00:00,9.91,10.13611888885498,31,1,0.22611888885498033
122,2021-12-31 02:00:00,9.85,10.026182174682617,31,2,0.17618217468261754
123,2021-12-31 03:00:00,9.89,10.028974533081055,31,3,0.13897453308105412
124,2021-12-31 04:00:00,10.08,10.1532621383667,31,4,0.07326213836669915
125,2021-12-31 05:00:00,10.48,10.386771202087402,31,5,0.09322879791259808
126,2021-12-31 06:00:00,10.68,10.80293083190918,31,6,0.12293083190917997
127,2021-12-31 07:00:00,10.97,11.228509902954102,31,7,0.2585099029541009
128,2021-12-31 08:00:00,11.0,11.46522331237793,31,8,0.4652233123779297
129,2021-12-31 09:00:00,10.97,11.530106544494629,31,9,0.5601065444946283
130,2021-12-31 10:00:00,11.11,11.47284984588623,31,10,0.36284984588623104
131,2021-12-31 11:00:00,11.15,11.41669750213623,31,11,0.2666975021362301
132,2021-12-31 12:00:00,11.1,11.367717742919922,31,12,0.26771774291992223
133,2021-12-31 13:00:00,11.1,11.306838035583496,31,13,0.20683803558349645
134,2021-12-31 14:00:00,11.31,11.305322647094727,31,14,0.004677352905273935
135,2021-12-31 15:00:00,11.55,11.409584045410156,31,15,0.14041595458984446
136,2021-12-31 16:00:00,11.57,11.461137771606445,31,16,0.10886222839355497
137,2021-12-31 17:00:00,11.45,11.564563751220703,31,17,0.11456375122070384
138,2021-12-31 18:00:00,11.24,11.481904983520508,31,18,0.2419049835205076
139,2021-12-31 19:00:00,10.91,11.302252769470215,31,19,0.3922527694702147
140,2021-12-31 20:00:00,10.6,11.07304573059082,31,20,0.47304573059082067
141,2021-12-31 21:00:00,10.81,10.874978065490723,31,21,0.06497806549072216
142,2021-12-31 22:00:00,10.74,10.586610794067383,31,22,0.1533892059326174
143,2021-12-31 23:00:00,10.38,10.276975631713867,31,23,0.1030243682861336
144,2022-01-01 00:00:00,10.02,10.138910293579102,1,0,0.11891029357910199
145,2022-01-01 01:00:00,9.77,9.964056968688965,1,1,0.19405696868896527
146,2022-01-01 02:00:00,9.65,9.858016967773438,1,2,0.20801696777343714
147,2022-01-01 03:00:00,9.59,9.829030990600586,1,3,0.23903099060058608
148,2022-01-01 04:00:00,9.68,9.888524055480957,1,4,0.20852405548095732
149,2022-01-01 05:00:00,9.86,9.9762601852417,1,5,0.11626018524169979
150,2022-01-01 06:00:00,9.95,10.165492057800293,1,6,0.21549205780029368
151,2022-01-01 07:00:00,10.21,10.472002983093262,1,7,0.26200298309326087
152,2022-01-01 08:00:00,10.31,10.689935684204102,1,8,0.37993568420410107
153,2022-01-01 09:00:00,10.5,10.850302696228027,1,9,0.35030269622802734
154,2022-01-01 10:00:00,10.64,10.924400329589844,1,10,0.2844003295898432
155,2022-01-01 11:00:00,10.77,10.89022159576416,1,11,0.12022159576416058
156,2022-01-01 12:00:00,10.78,10.891660690307617,1,12,0.11166069030761783
157,2022-01-01 13:00:00,10.86,10.8466215133667,1,13,0.013378486633300213
158,2022-01-01 14:00:00,11.16,10.935173034667969,1,14,0.2248269653320314
159,2022-01-01 15:00:00,11.58,11.00137996673584,1,15,0.5786200332641602
160,2022-01-01 16:00:00,11.76,11.107125282287598,1,16,0.6528747177124021
161,2022-01-01 17:00:00,11.87,11.242425918579102,1,17,0.6275740814208977
162,2022-01-01 18:00:00,11.84,11.245241165161133,1,18,0.594758834838867
163,2022-01-01 19:00:00,11.63,11.118385314941406,1,19,0.5116146850585945
164,2022-01-01 20:00:00,11.34,10.897647857666016,1,20,0.44235214233398423
165,2022-01-01 21:00:00,11.56,10.710022926330566,1,21,0.8499770736694341
166,2022-01-01 22:00:00,11.5,10.437691688537598,1,22,1.0623083114624023
167,2022-01-01 23:00:00,11.07,10.202709197998047,1,23,0.8672908020019534
