8784,2021-12-02 00:00:00,11.654337
8785,2021-12-02 01:00:00,11.497023
8786,2021-12-02 02:00:00,11.496939
8787,2021-12-02 03:00:00,11.563948
8788,2021-12-02 04:00:00,11.818256
8789,2021-12-02 05:00:00,12.290989
8790,2021-12-02 06:00:00,12.701254
8791,2021-12-02 07:00:00,12.823609
8792,2021-12-02 08:00:00,12.78318
8793,2021-12-02 09:00:00,12.7860985
8794,2021-12-02 10:00:00,12.782286
8795,2021-12-02 11:00:00,12.667418
8796,2021-12-02 12:00:00,12.552415
8797,2021-12-02 13:00:00,12.55879
8798,2021-12-02 14:00:00,12.622413
8799,2021-12-02 15:00:00,12.69253
8800,2021-12-02 16:00:00,12.846542
8801,2021-12-02 17:00:00,13.045044
8802,2021-12-02 18:00:00,13.054504
8803,2021-12-02 19:00:00,12.818365
8804,2021-12-02 20:00:00,12.593607
8805,2021-12-02 21:00:00,12.492597
8806,2021-12-02 22:00:00,12.314068
8807,2021-12-02 23:00:00,11.935402
8784,2021-12-02 00:00:00,11.459217
8785,2021-12-02 01:00:00,11.3370285
8786,2021-12-02 02:00:00,11.301994
8787,2021-12-02 03:00:00,11.453974
8788,2021-12-02 04:00:00,11.747703
8789,2021-12-02 05:00:00,11.982668
8790,2021-12-02 06:00:00,12.337489
8791,2021-12-02 07:00:00,12.577678
8792,2021-12-02 08:00:00,12.608962
8793,2021-12-02 09:00:00,12.609262
8794,2021-12-02 10:00:00,12.636846
8795,2021-12-02 11:00:00,12.5245285
8796,2021-12-02 12:00:00,12.457524
8797,2021-12-02 13:00:00,12.422821
8798,2021-12-02 14:00:00,12.552866
8799,2021-12-02 15:00:00,12.719959
8800,2021-12-02 16:00:00,12.74576
8801,2021-12-02 17:00:00,12.757004
8802,2021-12-02 18:00:00,12.693352
8803,2021-12-02 19:00:00,12.523804
8804,2021-12-02 20:00:00,12.271676
8805,2021-12-02 21:00:00,12.135218
8806,2021-12-02 22:00:00,11.866427
8807,2021-12-02 23:00:00,11.590716
8808,2021-12-03 00:00:00,11.63672
8809,2021-12-03 01:00:00,11.487745
8810,2021-12-03 02:00:00,11.496689
8811,2021-12-03 03:00:00,11.6664715
8812,2021-12-03 04:00:00,11.928381
8813,2021-12-03 05:00:00,12.172022
8814,2021-12-03 06:00:00,12.580401
8815,2021-12-03 07:00:00,12.78967
8816,2021-12-03 08:00:00,12.809595
8817,2021-12-03 09:00:00,12.798885
8818,2021-12-03 10:00:00,12.804329
8819,2021-12-03 11:00:00,12.657076
8820,2021-12-03 12:00:00,12.656601
8821,2021-12-03 13:00:00,12.613065
8822,2021-12-03 14:00:00,12.711308
8823,2021-12-03 15:00:00,12.837994
8824,2021-12-03 16:00:00,12.855562
8825,2021-12-03 17:00:00,12.881262
8826,2021-12-03 18:00:00,12.815586
8827,2021-12-03 19:00:00,12.708994
8828,2021-12-03 20:00:00,12.489319
8829,2021-12-03 21:00:00,12.350251
8830,2021-12-03 22:00:00,12.102119
8831,2021-12-03 23:00:00,11.853319
8832,2021-12-04 00:00:00,11.257317
8833,2021-12-04 01:00:00,11.160728
8834,2021-12-04 02:00:00,11.194388
8835,2021-12-04 03:00:00,11.366568
8836,2021-12-04 04:00:00,11.658154
8837,2021-12-04 05:00:00,11.921402
8838,2021-12-04 06:00:00,12.278977
8839,2021-12-04 07:00:00,12.50214
8840,2021-12-04 08:00:00,12.560962
8841,2021-12-04 09:00:00,12.546925
8842,2021-12-04 10:00:00,12.53208
8843,2021-12-04 11:00:00,12.435837
8844,2021-12-04 12:00:00,12.4124565
8845,2021-12-04 13:00:00,12.41429
8846,2021-12-04 14:00:00,12.537859
8847,2021-12-04 15:00:00,12.691614
8848,2021-12-04 16:00:00,12.739948
8849,2021-12-04 17:00:00,12.758549
8850,2021-12-04 18:00:00,12.702953
8851,2021-12-04 19:00:00,12.523968
8852,2021-12-04 20:00:00,12.233422
8853,2021-12-04 21:00:00,12.054709
8854,2021-12-04 22:00:00,11.744377
8855,2021-12-04 23:00:00,11.43003
8856,2021-12-05 00:00:00,12.182676
8857,2021-12-05 01:00:00,11.944507
8858,2021-12-05 02:00:00,11.780816
8859,2021-12-05 03:00:00,11.865355
8860,2021-12-05 04:00:00,12.089278
8861,2021-12-05 05:00:00,12.182799
8862,2021-12-05 06:00:00,12.4945545
8863,2021-12-05 07:00:00,12.665827
8864,2021-12-05 08:00:00,12.772522
8865,2021-12-05 09:00:00,12.757961
8866,2021-12-05 10:00:00,12.784555
8867,2021-12-05 11:00:00,12.699359
8868,2021-12-05 12:00:00,12.732729
8869,2021-12-05 13:00:00,12.752942
8870,2021-12-05 14:00:00,12.90934
8871,2021-12-05 15:00:00,13.086713
8872,2021-12-05 16:00:00,13.164531
8873,2021-12-05 17:00:00,13.228832
8874,2021-12-05 18:00:00,13.101986
8875,2021-12-05 19:00:00,13.063105
8876,2021-12-05 20:00:00,12.808588
8877,2021-12-05 21:00:00,12.6722145
8878,2021-12-05 22:00:00,12.4223175
8879,2021-12-05 23:00:00,12.17318
8880,2021-12-06 00:00:00,12.561488
8881,2021-12-06 01:00:00,12.4548855
8882,2021-12-06 02:00:00,12.329794
8883,2021-12-06 03:00:00,12.471782
8884,2021-12-06 04:00:00,12.763406
8885,2021-12-06 05:00:00,12.875149
8886,2021-12-06 06:00:00,13.134158
8887,2021-12-06 07:00:00,13.349327
8888,2021-12-06 08:00:00,13.512888
8889,2021-12-06 09:00:00,13.506184
8890,2021-12-06 10:00:00,13.460512
8891,2021-12-06 11:00:00,13.457177
8892,2021-12-06 12:00:00,13.457663
8893,2021-12-06 13:00:00,13.393997
8894,2021-12-06 14:00:00,13.487427
8895,2021-12-06 15:00:00,13.595929
8896,2021-12-06 16:00:00,13.546259
8897,2021-12-06 17:00:00,13.4637375
8898,2021-12-06 18:00:00,13.327457
8899,2021-12-06 19:00:00,13.215963
8900,2021-12-06 20:00:00,12.966799
8901,2021-12-06 21:00:00,12.884902
8902,2021-12-06 22:00:00,12.704712
8903,2021-12-06 23:00:00,12.499677
8904,2021-12-07 00:00:00,12.222771
8905,2021-12-07 01:00:00,12.107238
8906,2021-12-07 02:00:00,11.987965
8907,2021-12-07 03:00:00,11.933605
8908,2021-12-07 04:00:00,12.047611
8909,2021-12-07 05:00:00,12.071774
8910,2021-12-07 06:00:00,12.083538
8911,2021-12-07 07:00:00,12.21419
8912,2021-12-07 08:00:00,12.4207735
8913,2021-12-07 09:00:00,12.450361
8914,2021-12-07 10:00:00,12.514425
8915,2021-12-07 11:00:00,12.583332
8916,2021-12-07 12:00:00,12.500406
8917,2021-12-07 13:00:00,12.487431
8918,2021-12-07 14:00:00,12.589732
8919,2021-12-07 15:00:00,12.701035
8920,2021-12-07 16:00:00,12.759493
8921,2021-12-07 17:00:00,12.781275
8922,2021-12-07 18:00:00,12.776228
8923,2021-12-07 19:00:00,12.693345
8924,2021-12-07 20:00:00,12.524277
8925,2021-12-07 21:00:00,12.447858
8926,2021-12-07 22:00:00,12.255154
8927,2021-12-07 23:00:00,12.068558
8928,2021-12-08 00:00:00,12.827055
8929,2021-12-08 01:00:00,12.7438755
8930,2021-12-08 02:00:00,12.7484665
8931,2021-12-08 03:00:00,12.962536
8932,2021-12-08 04:00:00,13.276454
8933,2021-12-08 05:00:00,13.520973
8934,2021-12-08 06:00:00,13.755648
8935,2021-12-08 07:00:00,13.842159
8936,2021-12-08 08:00:00,13.928579
8937,2021-12-08 09:00:00,13.939485
8938,2021-12-08 10:00:00,13.832573
8939,2021-12-08 11:00:00,13.801384
8940,2021-12-08 12:00:00,13.805807
8941,2021-12-08 13:00:00,13.827286
8942,2021-12-08 14:00:00,13.875467
8943,2021-12-08 15:00:00,13.955346
8944,2021-12-08 16:00:00,14.070452
8945,2021-12-08 17:00:00,14.122862
8946,2021-12-08 18:00:00,13.997259
8947,2021-12-08 19:00:00,13.816832
8948,2021-12-08 20:00:00,13.566582
8949,2021-12-08 21:00:00,13.399466
8950,2021-12-08 22:00:00,13.245251
8951,2021-12-08 23:00:00,13.090672
8952,2021-12-09 00:00:00,12.850025
8953,2021-12-09 01:00:00,12.69956
8954,2021-12-09 02:00:00,12.673237
8955,2021-12-09 03:00:00,12.845428
8956,2021-12-09 04:00:00,13.090338
8957,2021-12-09 05:00:00,13.218946
8958,2021-12-09 06:00:00,13.420951
8959,2021-12-09 07:00:00,13.549034
8960,2021-12-09 08:00:00,13.648727
8961,2021-12-09 09:00:00,13.643515
8962,2021-12-09 10:00:00,13.680398
8963,2021-12-09 11:00:00,13.642361
8964,2021-12-09 12:00:00,13.585655
8965,2021-12-09 13:00:00,13.5430355
8966,2021-12-09 14:00:00,13.663912
8967,2021-12-09 15:00:00,13.780579
8968,2021-12-09 16:00:00,13.863361
8969,2021-12-09 17:00:00,13.919285
8970,2021-12-09 18:00:00,13.818857
8971,2021-12-09 19:00:00,13.720171
8972,2021-12-09 20:00:00,13.521853
8973,2021-12-09 21:00:00,13.261623
8974,2021-12-09 22:00:00,12.9803915
8975,2021-12-09 23:00:00,12.86544
8976,2021-12-10 00:00:00,11.663887
8977,2021-12-10 01:00:00,11.467537
8978,2021-12-10 02:00:00,11.379923
8979,2021-12-10 03:00:00,11.628991
8980,2021-12-10 04:00:00,11.948446
8981,2021-12-10 05:00:00,12.067484
8982,2021-12-10 06:00:00,12.403699
8983,2021-12-10 07:00:00,12.58807
8984,2021-12-10 08:00:00,12.725384
8985,2021-12-10 09:00:00,12.693841
8986,2021-12-10 10:00:00,12.621519
8987,2021-12-10 11:00:00,12.572675
8988,2021-12-10 12:00:00,12.608612
8989,2021-12-10 13:00:00,12.533972
8990,2021-12-10 14:00:00,12.677099
8991,2021-12-10 15:00:00,12.831371
8992,2021-12-10 16:00:00,12.872421
8993,2021-12-10 17:00:00,12.925306
8994,2021-12-10 18:00:00,12.786972
8995,2021-12-10 19:00:00,12.795567
8996,2021-12-10 20:00:00,12.582224
8997,2021-12-10 21:00:00,12.414125
8998,2021-12-10 22:00:00,12.185861
8999,2021-12-10 23:00:00,12.018996
4416,2021-12-02 00:00:00,11.549813
4417,2021-12-02 01:00:00,11.255983
4418,2021-12-02 02:00:00,11.267472
4419,2021-12-02 03:00:00,11.444055
4420,2021-12-02 04:00:00,11.744589
4421,2021-12-02 05:00:00,11.921093
4422,2021-12-02 06:00:00,12.407513
4423,2021-12-02 07:00:00,12.45311
4424,2021-12-02 08:00:00,12.650864
4425,2021-12-02 09:00:00,12.623092
4426,2021-12-02 10:00:00,12.641924
4427,2021-12-02 11:00:00,12.532511
4428,2021-12-02 12:00:00,12.528402
4429,2021-12-02 13:00:00,12.508539
4430,2021-12-02 14:00:00,12.681642
4431,2021-12-02 15:00:00,12.866774
4432,2021-12-02 16:00:00,12.872808
4433,2021-12-02 17:00:00,12.9755125
4434,2021-12-02 18:00:00,12.900341
4435,2021-12-02 19:00:00,12.912359
4436,2021-12-02 20:00:00,12.583906
4437,2021-12-02 21:00:00,12.504869
4438,2021-12-02 22:00:00,12.040726
4439,2021-12-02 23:00:00,11.8581505
4440,2021-12-03 00:00:00,11.757151
4441,2021-12-03 01:00:00,11.503455
4442,2021-12-03 02:00:00,11.651296
4443,2021-12-03 03:00:00,11.986263
4444,2021-12-03 04:00:00,12.415867
4445,2021-12-03 05:00:00,12.477093
4446,2021-12-03 06:00:00,13.001147
4447,2021-12-03 07:00:00,13.160276
4448,2021-12-03 08:00:00,13.315031
4449,2021-12-03 09:00:00,13.182815
4450,2021-12-03 10:00:00,13.282005
4451,2021-12-03 11:00:00,13.077112
4452,2021-12-03 12:00:00,13.287703
4453,2021-12-03 13:00:00,12.942132
4454,2021-12-03 14:00:00,13.234325
4455,2021-12-03 15:00:00,13.258209
4456,2021-12-03 16:00:00,13.252668
4457,2021-12-03 17:00:00,13.400099
4458,2021-12-03 18:00:00,13.16577
4459,2021-12-03 19:00:00,13.3636875
4460,2021-12-03 20:00:00,13.038437
4461,2021-12-03 21:00:00,12.843943
4462,2021-12-03 22:00:00,12.564812
4463,2021-12-03 23:00:00,12.348506
4464,2021-12-04 00:00:00,11.720687
4465,2021-12-04 01:00:00,11.503702
4466,2021-12-04 02:00:00,11.606474
4467,2021-12-04 03:00:00,11.917979
4468,2021-12-04 04:00:00,12.263979
4469,2021-12-04 05:00:00,12.484441
4470,2021-12-04 06:00:00,12.923159
4471,2021-12-04 07:00:00,13.03233
4472,2021-12-04 08:00:00,13.181704
4473,2021-12-04 09:00:00,13.147834
4474,2021-12-04 10:00:00,13.118019
4475,2021-12-04 11:00:00,13.049297
4476,2021-12-04 12:00:00,13.069544
4477,2021-12-04 13:00:00,13.027764
4478,2021-12-04 14:00:00,13.165719
4479,2021-12-04 15:00:00,13.3492775
4480,2021-12-04 16:00:00,13.358035
4481,2021-12-04 17:00:00,13.483309
4482,2021-12-04 18:00:00,13.3717165
4483,2021-12-04 19:00:00,13.354715
4484,2021-12-04 20:00:00,12.98404
4485,2021-12-04 21:00:00,12.822247
4486,2021-12-04 22:00:00,12.411235
4487,2021-12-04 23:00:00,12.226786
4488,2021-12-05 00:00:00,12.51329
4489,2021-12-05 01:00:00,12.133976
4490,2021-12-05 02:00:00,11.928764
4491,2021-12-05 03:00:00,12.09248
4492,2021-12-05 04:00:00,12.391999
4493,2021-12-05 05:00:00,12.412211
4494,2021-12-05 06:00:00,12.7104225
4495,2021-12-05 07:00:00,12.669846
4496,2021-12-05 08:00:00,12.88859
4497,2021-12-05 09:00:00,12.793987
4498,2021-12-05 10:00:00,12.752485
4499,2021-12-05 11:00:00,12.652664
4500,2021-12-05 12:00:00,12.725862
4501,2021-12-05 13:00:00,12.615194
4502,2021-12-05 14:00:00,12.82136
4503,2021-12-05 15:00:00,13.004503
4504,2021-12-05 16:00:00,13.157755
4505,2021-12-05 17:00:00,13.374187
4506,2021-12-05 18:00:00,13.154475
4507,2021-12-05 19:00:00,13.333427
4508,2021-12-05 20:00:00,13.129217
4509,2021-12-05 21:00:00,12.886452
4510,2021-12-05 22:00:00,12.627523
4511,2021-12-05 23:00:00,12.479397
4512,2021-12-06 00:00:00,12.548454
4513,2021-12-06 01:00:00,12.513484
4514,2021-12-06 02:00:00,12.434616
4515,2021-12-06 03:00:00,12.543333
4516,2021-12-06 04:00:00,12.899296
4517,2021-12-06 05:00:00,12.996237
4518,2021-12-06 06:00:00,13.299578
4519,2021-12-06 07:00:00,13.4054785
4520,2021-12-06 08:00:00,13.517462
4521,2021-12-06 09:00:00,13.484794
4522,2021-12-06 10:00:00,13.504474
4523,2021-12-06 11:00:00,13.319767
4524,2021-12-06 12:00:00,13.399521
4525,2021-12-06 13:00:00,13.220543
4526,2021-12-06 14:00:00,13.5065975
4527,2021-12-06 15:00:00,13.522415
4528,2021-12-06 16:00:00,13.50664
4529,2021-12-06 17:00:00,13.262316
4530,2021-12-06 18:00:00,13.147731
4531,2021-12-06 19:00:00,13.134558
4532,2021-12-06 20:00:00,12.942827
4533,2021-12-06 21:00:00,12.820032
4534,2021-12-06 22:00:00,12.589935
4535,2021-12-06 23:00:00,12.419569
4536,2021-12-07 00:00:00,12.267651
4537,2021-12-07 01:00:00,12.035328
4538,2021-12-07 02:00:00,11.935796
4539,2021-12-07 03:00:00,12.084187
4540,2021-12-07 04:00:00,12.17603
4541,2021-12-07 05:00:00,12.139996
4542,2021-12-07 06:00:00,12.191839
4543,2021-12-07 07:00:00,12.32461
4544,2021-12-07 08:00:00,12.544884
4545,2021-12-07 09:00:00,12.618861
4546,2021-12-07 10:00:00,12.603064
4547,2021-12-07 11:00:00,12.691869
4548,2021-12-07 12:00:00,12.763087
4549,2021-12-07 13:00:00,12.676231
4550,2021-12-07 14:00:00,12.726955
4551,2021-12-07 15:00:00,12.869925
4552,2021-12-07 16:00:00,12.948827
4553,2021-12-07 17:00:00,13.0357065
4554,2021-12-07 18:00:00,12.956415
4555,2021-12-07 19:00:00,12.9336605
4556,2021-12-07 20:00:00,12.762427
4557,2021-12-07 21:00:00,12.618819
4558,2021-12-07 22:00:00,12.448319
4559,2021-12-07 23:00:00,12.539364
4560,2021-12-08 00:00:00,12.789002
4561,2021-12-08 01:00:00,12.588337
4562,2021-12-08 02:00:00,12.494961
4563,2021-12-08 03:00:00,12.795547
4564,2021-12-08 04:00:00,13.126566
4565,2021-12-08 05:00:00,13.215996
4566,2021-12-08 06:00:00,13.458263
4567,2021-12-08 07:00:00,13.589046
4568,2021-12-08 08:00:00,13.87121
4569,2021-12-08 09:00:00,13.832588
4570,2021-12-08 10:00:00,13.679537
4571,2021-12-08 11:00:00,13.585344
4572,2021-12-08 12:00:00,13.593636
4573,2021-12-08 13:00:00,13.48349
4574,2021-12-08 14:00:00,13.544365
4575,2021-12-08 15:00:00,13.587223
4576,2021-12-08 16:00:00,13.686947
4577,2021-12-08 17:00:00,13.819698
4578,2021-12-08 18:00:00,13.59972
4579,2021-12-08 19:00:00,13.743433
4580,2021-12-08 20:00:00,13.542798
4581,2021-12-08 21:00:00,13.322743
4582,2021-12-08 22:00:00,13.122501
4583,2021-12-08 23:00:00,13.059523
4584,2021-12-09 00:00:00,12.732205
4585,2021-12-09 01:00:00,12.358122
4586,2021-12-09 02:00:00,12.289669
4587,2021-12-09 03:00:00,12.577335
4588,2021-12-09 04:00:00,12.848545
4589,2021-12-09 05:00:00,12.958464
4590,2021-12-09 06:00:00,13.265565
4591,2021-12-09 07:00:00,13.419754
4592,2021-12-09 08:00:00,13.679138
4593,2021-12-09 09:00:00,13.67201
4594,2021-12-09 10:00:00,13.555995
4595,2021-12-09 11:00:00,13.457317
4596,2021-12-09 12:00:00,13.485007
4597,2021-12-09 13:00:00,13.293459
4598,2021-12-09 14:00:00,13.363485
4599,2021-12-09 15:00:00,13.549866
4600,2021-12-09 16:00:00,13.642832
4601,2021-12-09 17:00:00,13.841316
4602,2021-12-09 18:00:00,13.679123
4603,2021-12-09 19:00:00,13.724691
4604,2021-12-09 20:00:00,13.525188
4605,2021-12-09 21:00:00,13.278133
4606,2021-12-09 22:00:00,13.063695
4607,2021-12-09 23:00:00,13.120722
4608,2021-12-10 00:00:00,11.863918
4609,2021-12-10 01:00:00,11.647665
4610,2021-12-10 02:00:00,11.716032
4611,2021-12-10 03:00:00,11.981235
4612,2021-12-10 04:00:00,12.306833
4613,2021-12-10 05:00:00,12.565737
4614,2021-12-10 06:00:00,12.97658
4615,2021-12-10 07:00:00,13.038113
4616,2021-12-10 08:00:00,13.199352
4617,2021-12-10 09:00:00,13.227884
4618,2021-12-10 10:00:00,13.16831
4619,2021-12-10 11:00:00,13.116237
4620,2021-12-10 12:00:00,13.213388
4621,2021-12-10 13:00:00,13.322941
4622,2021-12-10 14:00:00,13.461031
4623,2021-12-10 15:00:00,13.723206
4624,2021-12-10 16:00:00,13.6819105
4625,2021-12-10 17:00:00,13.7366495
4626,2021-12-10 18:00:00,13.606639
4627,2021-12-10 19:00:00,13.6533
4628,2021-12-10 20:00:00,13.399153
4629,2021-12-10 21:00:00,13.247525
4630,2021-12-10 22:00:00,12.926344
4631,2021-12-10 23:00:00,12.680292
4416,2021-12-02 00:00:00,11.536018
4417,2021-12-02 01:00:00,11.38472
4418,2021-12-02 02:00:00,11.255171
4419,2021-12-02 03:00:00,11.474371
4420,2021-12-02 04:00:00,11.824191
4421,2021-12-02 05:00:00,12.545805
4422,2021-12-02 06:00:00,13.030027
4423,2021-12-02 07:00:00,13.31111
4424,2021-12-02 08:00:00,13.374836
4425,2021-12-02 09:00:00,13.267399
4426,2021-12-02 10:00:00,13.1343
4427,2021-12-02 11:00:00,12.995451
4428,2021-12-02 12:00:00,13.09549
4429,2021-12-02 13:00:00,13.109413
4430,2021-12-02 14:00:00,13.244732
4431,2021-12-02 15:00:00,13.248016
4432,2021-12-02 16:00:00,13.37969
4433,2021-12-02 17:00:00,13.394083
4434,2021-12-02 18:00:00,13.522392
4435,2021-12-02 19:00:00,13.118391
4436,2021-12-02 20:00:00,12.725142
4437,2021-12-02 21:00:00,12.718739
4438,2021-12-02 22:00:00,12.617823
4439,2021-12-02 23:00:00,12.212183
4440,2021-12-03 00:00:00,11.741627
4441,2021-12-03 01:00:00,11.718439
4442,2021-12-03 02:00:00,11.628502
4443,2021-12-03 03:00:00,11.883419
4444,2021-12-03 04:00:00,12.142778
4445,2021-12-03 05:00:00,12.893425
4446,2021-12-03 06:00:00,13.350866
4447,2021-12-03 07:00:00,13.513201
4448,2021-12-03 08:00:00,13.480165
4449,2021-12-03 09:00:00,13.412849
4450,2021-12-03 10:00:00,13.247347
4451,2021-12-03 11:00:00,13.32553
4452,2021-12-03 12:00:00,13.330254
4453,2021-12-03 13:00:00,13.152653
4454,2021-12-03 14:00:00,13.30177
4455,2021-12-03 15:00:00,13.374968
4456,2021-12-03 16:00:00,13.639228
4457,2021-12-03 17:00:00,13.329401
4458,2021-12-03 18:00:00,13.568429
4459,2021-12-03 19:00:00,13.361644
4460,2021-12-03 20:00:00,13.019888
4461,2021-12-03 21:00:00,12.957685
4462,2021-12-03 22:00:00,13.033992
4463,2021-12-03 23:00:00,12.496979
4464,2021-12-04 00:00:00,11.712044
4465,2021-12-04 01:00:00,11.512926
4466,2021-12-04 02:00:00,11.38059
4467,2021-12-04 03:00:00,11.655963
4468,2021-12-04 04:00:00,11.91135
4469,2021-12-04 05:00:00,12.727793
4470,2021-12-04 06:00:00,13.284964
4471,2021-12-04 07:00:00,13.534524
4472,2021-12-04 08:00:00,13.425629
4473,2021-12-04 09:00:00,13.421204
4474,2021-12-04 10:00:00,13.509727
4475,2021-12-04 11:00:00,13.441387
4476,2021-12-04 12:00:00,13.232555
4477,2021-12-04 13:00:00,13.253374
4478,2021-12-04 14:00:00,13.299378
4479,2021-12-04 15:00:00,13.467953
4480,2021-12-04 16:00:00,13.611214
4481,2021-12-04 17:00:00,13.524165
4482,2021-12-04 18:00:00,13.58993
4483,2021-12-04 19:00:00,13.2536745
4484,2021-12-04 20:00:00,12.8982525
4485,2021-12-04 21:00:00,12.907858
4486,2021-12-04 22:00:00,12.747772
4487,2021-12-04 23:00:00,12.323539
4488,2021-12-05 00:00:00,12.487011
4489,2021-12-05 01:00:00,12.200987
4490,2021-12-05 02:00:00,11.831686
4491,2021-12-05 03:00:00,12.055862
4492,2021-12-05 04:00:00,12.247263
4493,2021-12-05 05:00:00,12.700539
4494,2021-12-05 06:00:00,13.114393
4495,2021-12-05 07:00:00,13.214427
4496,2021-12-05 08:00:00,13.37265
4497,2021-12-05 09:00:00,13.440014
4498,2021-12-05 10:00:00,13.188017
4499,2021-12-05 11:00:00,13.359354
4500,2021-12-05 12:00:00,13.283323
4501,2021-12-05 13:00:00,13.265877
4502,2021-12-05 14:00:00,13.305281
4503,2021-12-05 15:00:00,13.44005
4504,2021-12-05 16:00:00,13.629808
4505,2021-12-05 17:00:00,13.490196
4506,2021-12-05 18:00:00,13.54858
4507,2021-12-05 19:00:00,13.422003
4508,2021-12-05 20:00:00,13.077975
4509,2021-12-05 21:00:00,12.969677
4510,2021-12-05 22:00:00,12.9095
4511,2021-12-05 23:00:00,12.685789
4512,2021-12-06 00:00:00,12.674113
4513,2021-12-06 01:00:00,12.480862
4514,2021-12-06 02:00:00,12.402014
4515,2021-12-06 03:00:00,12.699873
4516,2021-12-06 04:00:00,13.030756
4517,2021-12-06 05:00:00,13.507074
4518,2021-12-06 06:00:00,13.787382
4519,2021-12-06 07:00:00,13.919806
4520,2021-12-06 08:00:00,14.018507
4521,2021-12-06 09:00:00,14.027149
4522,2021-12-06 10:00:00,13.876682
4523,2021-12-06 11:00:00,13.846176
4524,2021-12-06 12:00:00,13.747828
4525,2021-12-06 13:00:00,13.552609
4526,2021-12-06 14:00:00,13.705505
4527,2021-12-06 15:00:00,13.754764
4528,2021-12-06 16:00:00,13.866032
4529,2021-12-06 17:00:00,13.689647
4530,2021-12-06 18:00:00,13.667075
4531,2021-12-06 19:00:00,13.556078
4532,2021-12-06 20:00:00,13.571341
4533,2021-12-06 21:00:00,13.251323
4534,2021-12-06 22:00:00,13.264724
4535,2021-12-06 23:00:00,12.830073
4536,2021-12-07 00:00:00,12.466307
4537,2021-12-07 01:00:00,12.293301
4538,2021-12-07 02:00:00,12.084911
4539,2021-12-07 03:00:00,12.018332
4540,2021-12-07 04:00:00,12.103106
4541,2021-12-07 05:00:00,12.306043
4542,2021-12-07 06:00:00,12.447926
4543,2021-12-07 07:00:00,12.580881
4544,2021-12-07 08:00:00,12.653
4545,2021-12-07 09:00:00,12.921082
4546,2021-12-07 10:00:00,12.956005
4547,2021-12-07 11:00:00,12.893751
4548,2021-12-07 12:00:00,13.139858
4549,2021-12-07 13:00:00,13.019307
4550,2021-12-07 14:00:00,13.3009815
4551,2021-12-07 15:00:00,13.51589
4552,2021-12-07 16:00:00,13.55986
4553,2021-12-07 17:00:00,13.563595
4554,2021-12-07 18:00:00,13.436525
4555,2021-12-07 19:00:00,13.305106
4556,2021-12-07 20:00:00,13.40554
4557,2021-12-07 21:00:00,13.09458
4558,2021-12-07 22:00:00,12.992691
4559,2021-12-07 23:00:00,12.8558655
4560,2021-12-08 00:00:00,12.983451
4561,2021-12-08 01:00:00,12.858743
4562,2021-12-08 02:00:00,12.595512
4563,2021-12-08 03:00:00,12.886924
4564,2021-12-08 04:00:00,13.245438
4565,2021-12-08 05:00:00,13.526862
4566,2021-12-08 06:00:00,13.560056
4567,2021-12-08 07:00:00,13.752878
4568,2021-12-08 08:00:00,13.860453
4569,2021-12-08 09:00:00,13.792815
4570,2021-12-08 10:00:00,13.74625
4571,2021-12-08 11:00:00,13.826061
4572,2021-12-08 12:00:00,13.66445
4573,2021-12-08 13:00:00,13.553671
4574,2021-12-08 14:00:00,13.683207
4575,2021-12-08 15:00:00,13.913702
4576,2021-12-08 16:00:00,13.930587
4577,2021-12-08 17:00:00,13.795805
4578,2021-12-08 18:00:00,13.675978
4579,2021-12-08 19:00:00,13.435134
4580,2021-12-08 20:00:00,13.275268
4581,2021-12-08 21:00:00,13.266418
4582,2021-12-08 22:00:00,13.122118
4583,2021-12-08 23:00:00,13.053667
4584,2021-12-09 00:00:00,12.7565155
4585,2021-12-09 01:00:00,12.564034
4586,2021-12-09 02:00:00,12.5413
4587,2021-12-09 03:00:00,12.710791
4588,2021-12-09 04:00:00,12.964476
4589,2021-12-09 05:00:00,13.362842
4590,2021-12-09 06:00:00,13.55061
4591,2021-12-09 07:00:00,13.6762495
4592,2021-12-09 08:00:00,13.742954
4593,2021-12-09 09:00:00,13.757137
4594,2021-12-09 10:00:00,13.676371
4595,2021-12-09 11:00:00,13.733136
4596,2021-12-09 12:00:00,13.632929
4597,2021-12-09 13:00:00,13.657074
4598,2021-12-09 14:00:00,13.872608
4599,2021-12-09 15:00:00,14.072433
4600,2021-12-09 16:00:00,14.134509
4601,2021-12-09 17:00:00,14.110485
4602,2021-12-09 18:00:00,14.049419
4603,2021-12-09 19:00:00,13.839036
4604,2021-12-09 20:00:00,13.680382
4605,2021-12-09 21:00:00,13.671734
4606,2021-12-09 22:00:00,13.52499
4607,2021-12-09 23:00:00,13.390818
4608,2021-12-10 00:00:00,11.754727
4609,2021-12-10 01:00:00,11.653764
4610,2021-12-10 02:00:00,11.564043
4611,2021-12-10 03:00:00,12.0002575
4612,2021-12-10 04:00:00,12.098325
4613,2021-12-10 05:00:00,12.72418
4614,2021-12-10 06:00:00,13.084562
4615,2021-12-10 07:00:00,13.429739
4616,2021-12-10 08:00:00,13.333685
4617,2021-12-10 09:00:00,13.421829
4618,2021-12-10 10:00:00,13.360542
4619,2021-12-10 11:00:00,13.464781
4620,2021-12-10 12:00:00,13.276953
4621,2021-12-10 13:00:00,13.173227
4622,2021-12-10 14:00:00,13.53219
4623,2021-12-10 15:00:00,13.695564
4624,2021-12-10 16:00:00,13.80261
4625,2021-12-10 17:00:00,13.634766
4626,2021-12-10 18:00:00,13.717237
4627,2021-12-10 19:00:00,13.504381
4628,2021-12-10 20:00:00,13.426298
4629,2021-12-10 21:00:00,13.108742
4630,2021-12-10 22:00:00,13.148455
4631,2021-12-10 23:00:00,12.775768
4416,2021-12-02 00:00:00,11.254753
4417,2021-12-02 01:00:00,11.326969
4418,2021-12-02 02:00:00,11.820457
4419,2021-12-02 03:00:00,12.31666
4420,2021-12-02 04:00:00,12.698589
4421,2021-12-02 05:00:00,12.904865
4422,2021-12-02 06:00:00,12.8806095
4423,2021-12-02 07:00:00,12.876673
4424,2021-12-02 08:00:00,12.841629
4425,2021-12-02 09:00:00,12.9289875
4426,2021-12-02 10:00:00,12.820311
4427,2021-12-02 11:00:00,12.681065
4428,2021-12-02 12:00:00,12.834667
4429,2021-12-02 13:00:00,13.009039
4430,2021-12-02 14:00:00,12.920694
4431,2021-12-02 15:00:00,13.013936
4432,2021-12-02 16:00:00,12.906843
4433,2021-12-02 17:00:00,12.661055
4434,2021-12-02 18:00:00,12.395897
4435,2021-12-02 19:00:00,12.265983
4436,2021-12-02 20:00:00,12.131186
4437,2021-12-02 21:00:00,11.841976
4438,2021-12-02 22:00:00,11.557097
4439,2021-12-02 23:00:00,11.344921
4416,2021-12-02 00:00:00,11.163832
4417,2021-12-02 01:00:00,11.158686
4418,2021-12-02 02:00:00,11.323433
4419,2021-12-02 03:00:00,11.393577
4420,2021-12-02 04:00:00,12.0310955
4421,2021-12-02 05:00:00,12.464056
4422,2021-12-02 06:00:00,12.503841
4423,2021-12-02 07:00:00,12.572929
4424,2021-12-02 08:00:00,12.692321
4425,2021-12-02 09:00:00,12.734491
4426,2021-12-02 10:00:00,12.757479
4427,2021-12-02 11:00:00,12.548857
4428,2021-12-02 12:00:00,12.72118
4429,2021-12-02 13:00:00,12.763546
4430,2021-12-02 14:00:00,12.792723
4431,2021-12-02 15:00:00,12.89739
4432,2021-12-02 16:00:00,13.035556
4433,2021-12-02 17:00:00,13.015798
4434,2021-12-02 18:00:00,12.630968
4435,2021-12-02 19:00:00,12.421839
4436,2021-12-02 20:00:00,12.154961
4437,2021-12-02 21:00:00,11.913193
4438,2021-12-02 22:00:00,11.678035
4439,2021-12-02 23:00:00,11.534023
4416,2021-12-02 00:00:00,11.163832
4417,2021-12-02 01:00:00,11.158686
4418,2021-12-02 02:00:00,11.323433
4419,2021-12-02 03:00:00,11.393577
4420,2021-12-02 04:00:00,12.0310955
4421,2021-12-02 05:00:00,12.464056
4422,2021-12-02 06:00:00,12.503841
4423,2021-12-02 07:00:00,12.572929
4424,2021-12-02 08:00:00,12.692321
4425,2021-12-02 09:00:00,12.734491
4426,2021-12-02 10:00:00,12.757479
4427,2021-12-02 11:00:00,12.548857
4428,2021-12-02 12:00:00,12.72118
4429,2021-12-02 13:00:00,12.763546
4430,2021-12-02 14:00:00,12.792723
4431,2021-12-02 15:00:00,12.89739
4432,2021-12-02 16:00:00,13.035556
4433,2021-12-02 17:00:00,13.015798
4434,2021-12-02 18:00:00,12.630968
4435,2021-12-02 19:00:00,12.421839
4436,2021-12-02 20:00:00,12.154961
4437,2021-12-02 21:00:00,11.913193
4438,2021-12-02 22:00:00,11.678035
4439,2021-12-02 23:00:00,11.534023
4440,2021-12-03 00:00:00,11.2703495
4441,2021-12-03 01:00:00,11.228836
4442,2021-12-03 02:00:00,11.429441
4443,2021-12-03 03:00:00,11.705377
4444,2021-12-03 04:00:00,12.3272505
4445,2021-12-03 05:00:00,12.8238945
4446,2021-12-03 06:00:00,12.912125
4447,2021-12-03 07:00:00,12.987865
4448,2021-12-03 08:00:00,13.088474
4449,2021-12-03 09:00:00,13.133852
4450,2021-12-03 10:00:00,13.055604
4451,2021-12-03 11:00:00,12.903225
4452,2021-12-03 12:00:00,13.000574
4453,2021-12-03 13:00:00,13.024887
4454,2021-12-03 14:00:00,12.966692
4455,2021-12-03 15:00:00,13.070166
4456,2021-12-03 16:00:00,13.176407
4457,2021-12-03 17:00:00,13.212346
4458,2021-12-03 18:00:00,12.985637
4459,2021-12-03 19:00:00,12.724309
4460,2021-12-03 20:00:00,12.425243
4461,2021-12-03 21:00:00,12.241446
4462,2021-12-03 22:00:00,11.884132
4463,2021-12-03 23:00:00,11.71817
4464,2021-12-04 00:00:00,11.373151
4465,2021-12-04 01:00:00,11.462587
4466,2021-12-04 02:00:00,11.75507
4467,2021-12-04 03:00:00,12.181023
4468,2021-12-04 04:00:00,12.78055
4469,2021-12-04 05:00:00,13.235719
4470,2021-12-04 06:00:00,13.306692
4471,2021-12-04 07:00:00,13.35267
4472,2021-12-04 08:00:00,13.2797165
4473,2021-12-04 09:00:00,13.224555
4474,2021-12-04 10:00:00,13.12595
4475,2021-12-04 11:00:00,13.020825
4476,2021-12-04 12:00:00,13.098631
4477,2021-12-04 13:00:00,13.196095
4478,2021-12-04 14:00:00,13.259518
4479,2021-12-04 15:00:00,13.355549
4480,2021-12-04 16:00:00,13.4279785
4481,2021-12-04 17:00:00,13.348515
4482,2021-12-04 18:00:00,13.160879
4483,2021-12-04 19:00:00,12.9384775
4484,2021-12-04 20:00:00,12.699424
4485,2021-12-04 21:00:00,12.461472
4486,2021-12-04 22:00:00,12.087257
4487,2021-12-04 23:00:00,11.818491
4488,2021-12-05 00:00:00,11.1474905
4489,2021-12-05 01:00:00,11.225234
4490,2021-12-05 02:00:00,11.36297
4491,2021-12-05 03:00:00,11.801838
4492,2021-12-05 04:00:00,12.326414
4493,2021-12-05 05:00:00,12.900387
4494,2021-12-05 06:00:00,12.942324
4495,2021-12-05 07:00:00,12.89306
4496,2021-12-05 08:00:00,12.889513
4497,2021-12-05 09:00:00,12.895652
4498,2021-12-05 10:00:00,12.8850155
4499,2021-12-05 11:00:00,12.778847
4500,2021-12-05 12:00:00,12.831816
4501,2021-12-05 13:00:00,12.845062
4502,2021-12-05 14:00:00,12.947699
4503,2021-12-05 15:00:00,13.166473
4504,2021-12-05 16:00:00,13.135598
4505,2021-12-05 17:00:00,13.143419
4506,2021-12-05 18:00:00,12.983618
4507,2021-12-05 19:00:00,12.668167
4508,2021-12-05 20:00:00,12.355944
4509,2021-12-05 21:00:00,12.230568
4510,2021-12-05 22:00:00,11.991001
4511,2021-12-05 23:00:00,11.666323
4512,2021-12-06 00:00:00,11.763343
4513,2021-12-06 01:00:00,11.7554035
4514,2021-12-06 02:00:00,11.780126
4515,2021-12-06 03:00:00,11.989109
4516,2021-12-06 04:00:00,12.43895
4517,2021-12-06 05:00:00,12.869135
4518,2021-12-06 06:00:00,12.862017
4519,2021-12-06 07:00:00,12.888105
4520,2021-12-06 08:00:00,12.963354
4521,2021-12-06 09:00:00,12.998608
4522,2021-12-06 10:00:00,13.047371
4523,2021-12-06 11:00:00,13.079591
4524,2021-12-06 12:00:00,13.1444235
4525,2021-12-06 13:00:00,13.145554
4526,2021-12-06 14:00:00,13.271588
4527,2021-12-06 15:00:00,13.439547
4528,2021-12-06 16:00:00,13.636765
4529,2021-12-06 17:00:00,13.720251
4530,2021-12-06 18:00:00,13.501153
4531,2021-12-06 19:00:00,13.235453
4532,2021-12-06 20:00:00,13.1503315
4533,2021-12-06 21:00:00,13.067714
4534,2021-12-06 22:00:00,12.691982
4535,2021-12-06 23:00:00,12.590855
4536,2021-12-07 00:00:00,12.488174
4537,2021-12-07 01:00:00,12.464945
4538,2021-12-07 02:00:00,12.587862
4539,2021-12-07 03:00:00,12.884649
4540,2021-12-07 04:00:00,13.255611
4541,2021-12-07 05:00:00,13.6141815
4542,2021-12-07 06:00:00,13.749588
4543,2021-12-07 07:00:00,13.632082
4544,2021-12-07 08:00:00,13.686447
4545,2021-12-07 09:00:00,13.706686
4546,2021-12-07 10:00:00,13.605747
4547,2021-12-07 11:00:00,13.402931
4548,2021-12-07 12:00:00,13.388488
4549,2021-12-07 13:00:00,13.4344425
4550,2021-12-07 14:00:00,13.453274
4551,2021-12-07 15:00:00,13.640123
4552,2021-12-07 16:00:00,13.776535
4553,2021-12-07 17:00:00,13.886776
4554,2021-12-07 18:00:00,13.562506
4555,2021-12-07 19:00:00,13.373344
4556,2021-12-07 20:00:00,13.214193
4557,2021-12-07 21:00:00,13.3078785
4558,2021-12-07 22:00:00,13.108871
4559,2021-12-07 23:00:00,12.738184
4560,2021-12-08 00:00:00,12.6994095
4561,2021-12-08 01:00:00,12.5966
4562,2021-12-08 02:00:00,12.558298
4563,2021-12-08 03:00:00,12.756304
4564,2021-12-08 04:00:00,13.072102
4565,2021-12-08 05:00:00,13.311747
4566,2021-12-08 06:00:00,13.453303
4567,2021-12-08 07:00:00,13.381311
4568,2021-12-08 08:00:00,13.4242325
4569,2021-12-08 09:00:00,13.472591
4570,2021-12-08 10:00:00,13.491436
4571,2021-12-08 11:00:00,13.452125
4572,2021-12-08 12:00:00,13.478897
4573,2021-12-08 13:00:00,13.551224
4574,2021-12-08 14:00:00,13.639881
4575,2021-12-08 15:00:00,13.772007
4576,2021-12-08 16:00:00,13.9030075
4577,2021-12-08 17:00:00,13.869862
4578,2021-12-08 18:00:00,13.565712
4579,2021-12-08 19:00:00,13.289993
4580,2021-12-08 20:00:00,13.191687
4581,2021-12-08 21:00:00,13.122917
4582,2021-12-08 22:00:00,12.923374
4583,2021-12-08 23:00:00,12.750004
4584,2021-12-09 00:00:00,12.534651
4585,2021-12-09 01:00:00,12.530735
4586,2021-12-09 02:00:00,12.702198
4587,2021-12-09 03:00:00,12.810549
4588,2021-12-09 04:00:00,13.288049
4589,2021-12-09 05:00:00,13.600515
4590,2021-12-09 06:00:00,13.604862
4591,2021-12-09 07:00:00,13.5815525
4592,2021-12-09 08:00:00,13.599435
4593,2021-12-09 09:00:00,13.702932
4594,2021-12-09 10:00:00,13.6185875
4595,2021-12-09 11:00:00,13.375629
4596,2021-12-09 12:00:00,13.468599
4597,2021-12-09 13:00:00,13.65505
4598,2021-12-09 14:00:00,13.61467
4599,2021-12-09 15:00:00,13.64746
4600,2021-12-09 16:00:00,13.800789
4601,2021-12-09 17:00:00,13.7452755
4602,2021-12-09 18:00:00,13.512962
4603,2021-12-09 19:00:00,13.192593
4604,2021-12-09 20:00:00,13.016026
4605,2021-12-09 21:00:00,13.064871
4606,2021-12-09 22:00:00,12.742935
4607,2021-12-09 23:00:00,12.491859
4608,2021-12-10 00:00:00,12.266979
4609,2021-12-10 01:00:00,12.22856
4610,2021-12-10 02:00:00,12.36751
4611,2021-12-10 03:00:00,12.499688
4612,2021-12-10 04:00:00,13.016061
4613,2021-12-10 05:00:00,13.325745
4614,2021-12-10 06:00:00,13.312862
4615,2021-12-10 07:00:00,13.318519
4616,2021-12-10 08:00:00,13.40013
4617,2021-12-10 09:00:00,13.444324
4618,2021-12-10 10:00:00,13.449739
4619,2021-12-10 11:00:00,13.228389
4620,2021-12-10 12:00:00,13.441343
4621,2021-12-10 13:00:00,13.497168
4622,2021-12-10 14:00:00,13.595669
4623,2021-12-10 15:00:00,13.750595
4624,2021-12-10 16:00:00,13.978887
4625,2021-12-10 17:00:00,13.854259
4626,2021-12-10 18:00:00,13.631145
4627,2021-12-10 19:00:00,13.395477
4628,2021-12-10 20:00:00,13.1003
4629,2021-12-10 21:00:00,12.911089
4630,2021-12-10 22:00:00,12.651184
4631,2021-12-10 23:00:00,12.484926
4416,2021-12-02 00:00:00,10.97565
4417,2021-12-02 01:00:00,11.05787
4418,2021-12-02 02:00:00,11.198189
4419,2021-12-02 03:00:00,11.628355
4420,2021-12-02 04:00:00,12.098367
4421,2021-12-02 05:00:00,12.478674
4422,2021-12-02 06:00:00,12.576778
4423,2021-12-02 07:00:00,12.618911
4424,2021-12-02 08:00:00,12.556843
4425,2021-12-02 09:00:00,12.550035
4426,2021-12-02 10:00:00,12.662437
4427,2021-12-02 11:00:00,12.709733
4428,2021-12-02 12:00:00,12.681459
4429,2021-12-02 13:00:00,12.653608
4430,2021-12-02 14:00:00,12.796078
4431,2021-12-02 15:00:00,12.766382
4432,2021-12-02 16:00:00,12.821075
4433,2021-12-02 17:00:00,12.878801
4434,2021-12-02 18:00:00,12.64259
4435,2021-12-02 19:00:00,12.447008
4436,2021-12-02 20:00:00,12.062794
4437,2021-12-02 21:00:00,12.034997
4438,2021-12-02 22:00:00,11.720954
4439,2021-12-02 23:00:00,11.5338955
4440,2021-12-03 00:00:00,11.44865
4441,2021-12-03 01:00:00,11.270935
4442,2021-12-03 02:00:00,11.2967
4443,2021-12-03 03:00:00,11.843132
4444,2021-12-03 04:00:00,12.497505
4445,2021-12-03 05:00:00,12.9317665
4446,2021-12-03 06:00:00,13.158055
4447,2021-12-03 07:00:00,13.16496
4448,2021-12-03 08:00:00,13.094927
4449,2021-12-03 09:00:00,13.203032
4450,2021-12-03 10:00:00,13.037638
4451,2021-12-03 11:00:00,12.923502
4452,2021-12-03 12:00:00,13.03278
4453,2021-12-03 13:00:00,13.007083
4454,2021-12-03 14:00:00,13.147346
4455,2021-12-03 15:00:00,12.9534445
4456,2021-12-03 16:00:00,13.151245
4457,2021-12-03 17:00:00,13.165608
4458,2021-12-03 18:00:00,12.934289
4459,2021-12-03 19:00:00,12.651562
4460,2021-12-03 20:00:00,12.435936
4461,2021-12-03 21:00:00,12.303696
4462,2021-12-03 22:00:00,12.060493
4463,2021-12-03 23:00:00,11.705
4464,2021-12-04 00:00:00,11.484705
4465,2021-12-04 01:00:00,11.380182
4466,2021-12-04 02:00:00,11.505777
4467,2021-12-04 03:00:00,11.982447
4468,2021-12-04 04:00:00,12.630064
4469,2021-12-04 05:00:00,13.205399
4470,2021-12-04 06:00:00,13.512661
4471,2021-12-04 07:00:00,13.5568285
4472,2021-12-04 08:00:00,13.634771
4473,2021-12-04 09:00:00,13.554661
4474,2021-12-04 10:00:00,13.437683
4475,2021-12-04 11:00:00,13.314298
4476,2021-12-04 12:00:00,13.39897
4477,2021-12-04 13:00:00,13.50987
4478,2021-12-04 14:00:00,13.437305
4479,2021-12-04 15:00:00,13.379816
4480,2021-12-04 16:00:00,13.559629
4481,2021-12-04 17:00:00,13.60821
4482,2021-12-04 18:00:00,13.556199
4483,2021-12-04 19:00:00,13.119157
4484,2021-12-04 20:00:00,12.9664345
4485,2021-12-04 21:00:00,12.910679
4486,2021-12-04 22:00:00,12.634853
4487,2021-12-04 23:00:00,12.297932
4488,2021-12-05 00:00:00,11.453117
4489,2021-12-05 01:00:00,11.414352
4490,2021-12-05 02:00:00,11.64344
4491,2021-12-05 03:00:00,12.124407
4492,2021-12-05 04:00:00,12.618327
4493,2021-12-05 05:00:00,13.089302
4494,2021-12-05 06:00:00,13.0887165
4495,2021-12-05 07:00:00,13.074724
4496,2021-12-05 08:00:00,13.154554
4497,2021-12-05 09:00:00,13.173994
4498,2021-12-05 10:00:00,13.242762
4499,2021-12-05 11:00:00,13.106531
4500,2021-12-05 12:00:00,13.050058
4501,2021-12-05 13:00:00,13.148136
4502,2021-12-05 14:00:00,13.349012
4503,2021-12-05 15:00:00,13.397593
4504,2021-12-05 16:00:00,13.407408
4505,2021-12-05 17:00:00,13.393369
4506,2021-12-05 18:00:00,13.113528
4507,2021-12-05 19:00:00,12.778498
4508,2021-12-05 20:00:00,12.6532135
4509,2021-12-05 21:00:00,12.457404
4510,2021-12-05 22:00:00,12.062525
4511,2021-12-05 23:00:00,11.760401
4512,2021-12-06 00:00:00,11.988714
4513,2021-12-06 01:00:00,11.737549
4514,2021-12-06 02:00:00,11.841631
4515,2021-12-06 03:00:00,12.100913
4516,2021-12-06 04:00:00,12.58838
4517,2021-12-06 05:00:00,12.8092
4518,2021-12-06 06:00:00,12.919454
4519,2021-12-06 07:00:00,12.953878
4520,2021-12-06 08:00:00,13.098345
4521,2021-12-06 09:00:00,13.176906
4522,2021-12-06 10:00:00,13.163059
4523,2021-12-06 11:00:00,13.107819
4524,2021-12-06 12:00:00,13.121981
4525,2021-12-06 13:00:00,13.30953
4526,2021-12-06 14:00:00,13.3194475
4527,2021-12-06 15:00:00,13.410728
4528,2021-12-06 16:00:00,13.666534
4529,2021-12-06 17:00:00,13.728268
4530,2021-12-06 18:00:00,13.48968
4531,2021-12-06 19:00:00,13.243364
4532,2021-12-06 20:00:00,13.108902
4533,2021-12-06 21:00:00,13.021442
4534,2021-12-06 22:00:00,12.785912
4535,2021-12-06 23:00:00,12.595558
4536,2021-12-07 00:00:00,12.413682
4537,2021-12-07 01:00:00,12.538998
4538,2021-12-07 02:00:00,12.523035
4539,2021-12-07 03:00:00,13.05292
4540,2021-12-07 04:00:00,13.153742
4541,2021-12-07 05:00:00,13.6546955
4542,2021-12-07 06:00:00,13.639776
4543,2021-12-07 07:00:00,13.742832
4544,2021-12-07 08:00:00,13.903968
4545,2021-12-07 09:00:00,13.753098
4546,2021-12-07 10:00:00,13.472811
4547,2021-12-07 11:00:00,13.566339
4548,2021-12-07 12:00:00,13.49828
4549,2021-12-07 13:00:00,13.619547
4550,2021-12-07 14:00:00,13.4521055
4551,2021-12-07 15:00:00,13.595163
4552,2021-12-07 16:00:00,13.63719
4553,2021-12-07 17:00:00,13.318272
4554,2021-12-07 18:00:00,13.227894
4555,2021-12-07 19:00:00,13.084095
4556,2021-12-07 20:00:00,12.765171
4557,2021-12-07 21:00:00,12.989873
4558,2021-12-07 22:00:00,12.778058
4559,2021-12-07 23:00:00,12.321449
4560,2021-12-08 00:00:00,12.291684
4561,2021-12-08 01:00:00,12.231964
4562,2021-12-08 02:00:00,12.239894
4563,2021-12-08 03:00:00,12.4053955
4564,2021-12-08 04:00:00,12.666145
4565,2021-12-08 05:00:00,12.834887
4566,2021-12-08 06:00:00,12.957192
4567,2021-12-08 07:00:00,13.107175
4568,2021-12-08 08:00:00,13.2998295
4569,2021-12-08 09:00:00,13.482763
4570,2021-12-08 10:00:00,13.503679
4571,2021-12-08 11:00:00,13.485046
4572,2021-12-08 12:00:00,13.577927
4573,2021-12-08 13:00:00,13.650574
4574,2021-12-08 14:00:00,13.819761
4575,2021-12-08 15:00:00,13.910627
4576,2021-12-08 16:00:00,13.879162
4577,2021-12-08 17:00:00,13.898308
4578,2021-12-08 18:00:00,13.644086
4579,2021-12-08 19:00:00,13.35919
4580,2021-12-08 20:00:00,13.468902
4581,2021-12-08 21:00:00,13.321511
4582,2021-12-08 22:00:00,13.034199
4583,2021-12-08 23:00:00,12.825159
4584,2021-12-09 00:00:00,12.500182
4585,2021-12-09 01:00:00,12.400763
4586,2021-12-09 02:00:00,12.441732
4587,2021-12-09 03:00:00,12.915537
4588,2021-12-09 04:00:00,13.355331
4589,2021-12-09 05:00:00,13.539602
4590,2021-12-09 06:00:00,13.687395
4591,2021-12-09 07:00:00,13.759394
4592,2021-12-09 08:00:00,13.757346
4593,2021-12-09 09:00:00,13.64966
4594,2021-12-09 10:00:00,13.713617
4595,2021-12-09 11:00:00,13.824917
4596,2021-12-09 12:00:00,13.853552
4597,2021-12-09 13:00:00,13.96793
4598,2021-12-09 14:00:00,13.877062
4599,2021-12-09 15:00:00,13.99052
4600,2021-12-09 16:00:00,13.954638
4601,2021-12-09 17:00:00,13.678057
4602,2021-12-09 18:00:00,13.516579
4603,2021-12-09 19:00:00,13.480726
4604,2021-12-09 20:00:00,13.342024
4605,2021-12-09 21:00:00,13.230022
4606,2021-12-09 22:00:00,12.832996
4607,2021-12-09 23:00:00,12.715376
4608,2021-12-10 00:00:00,12.327993
4609,2021-12-10 01:00:00,12.249947
4610,2021-12-10 02:00:00,12.30299
4611,2021-12-10 03:00:00,12.694674
4612,2021-12-10 04:00:00,13.011598
4613,2021-12-10 05:00:00,13.314964
4614,2021-12-10 06:00:00,13.3808
4615,2021-12-10 07:00:00,13.3884945
4616,2021-12-10 08:00:00,13.371269
4617,2021-12-10 09:00:00,13.494659
4618,2021-12-10 10:00:00,13.471825
4619,2021-12-10 11:00:00,13.485793
4620,2021-12-10 12:00:00,13.4543295
4621,2021-12-10 13:00:00,13.655055
4622,2021-12-10 14:00:00,13.835451
4623,2021-12-10 15:00:00,13.832108
4624,2021-12-10 16:00:00,13.846646
4625,2021-12-10 17:00:00,14.0715065
4626,2021-12-10 18:00:00,13.762526
4627,2021-12-10 19:00:00,13.577416
4628,2021-12-10 20:00:00,13.364781
4629,2021-12-10 21:00:00,13.293449
4630,2021-12-10 22:00:00,13.029772
4631,2021-12-10 23:00:00,12.864895
4416,2021-12-02 00:00:00,11.304041
4417,2021-12-02 01:00:00,11.335738
4418,2021-12-02 02:00:00,11.383937
4419,2021-12-02 03:00:00,11.641184
4420,2021-12-02 04:00:00,12.142141
4421,2021-12-02 05:00:00,12.621005
4422,2021-12-02 06:00:00,12.804943
4423,2021-12-02 07:00:00,12.811439
4424,2021-12-02 08:00:00,12.828156
4425,2021-12-02 09:00:00,12.881426
4426,2021-12-02 10:00:00,12.824003
4427,2021-12-02 11:00:00,12.707344
4428,2021-12-02 12:00:00,12.770925
4429,2021-12-02 13:00:00,12.902208
4430,2021-12-02 14:00:00,12.949686
4431,2021-12-02 15:00:00,13.04282
4432,2021-12-02 16:00:00,13.180723
4433,2021-12-02 17:00:00,13.120146
4434,2021-12-02 18:00:00,12.792973
4435,2021-12-02 19:00:00,12.482942
4436,2021-12-02 20:00:00,12.301454
4437,2021-12-02 21:00:00,12.06407
4438,2021-12-02 22:00:00,11.710304
4439,2021-12-02 23:00:00,11.411001
4440,2021-12-03 00:00:00,11.278235
4441,2021-12-03 01:00:00,11.3253975
4442,2021-12-03 02:00:00,11.394536
4443,2021-12-03 03:00:00,11.666214
4444,2021-12-03 04:00:00,12.178017
4445,2021-12-03 05:00:00,12.644512
4446,2021-12-03 06:00:00,12.787869
4447,2021-12-03 07:00:00,12.760187
4448,2021-12-03 08:00:00,12.790319
4449,2021-12-03 09:00:00,12.861442
4450,2021-12-03 10:00:00,12.815446
4451,2021-12-03 11:00:00,12.731016
4452,2021-12-03 12:00:00,12.812495
4453,2021-12-03 13:00:00,12.954048
4454,2021-12-03 14:00:00,13.03221
4455,2021-12-03 15:00:00,13.164772
4456,2021-12-03 16:00:00,13.336328
4457,2021-12-03 17:00:00,13.318701
4458,2021-12-03 18:00:00,13.03896
4459,2021-12-03 19:00:00,12.752417
4460,2021-12-03 20:00:00,12.587282
4461,2021-12-03 21:00:00,12.360733
4462,2021-12-03 22:00:00,11.980459
4463,2021-12-03 23:00:00,11.640514
4464,2021-12-04 00:00:00,11.374813
4465,2021-12-04 01:00:00,11.422255
4466,2021-12-04 02:00:00,11.549253
4467,2021-12-04 03:00:00,11.8381
4468,2021-12-04 04:00:00,12.392843
4469,2021-12-04 05:00:00,12.899691
4470,2021-12-04 06:00:00,13.01907
4471,2021-12-04 07:00:00,12.964064
4472,2021-12-04 08:00:00,13.005201
4473,2021-12-04 09:00:00,13.0618725
4474,2021-12-04 10:00:00,13.004799
4475,2021-12-04 11:00:00,12.924959
4476,2021-12-04 12:00:00,12.96353
4477,2021-12-04 13:00:00,13.014782
4478,2021-12-04 14:00:00,13.058695
4479,2021-12-04 15:00:00,13.154169
4480,2021-12-04 16:00:00,13.269087
4481,2021-12-04 17:00:00,13.232794
4482,2021-12-04 18:00:00,12.968334
4483,2021-12-04 19:00:00,12.691214
4484,2021-12-04 20:00:00,12.543006
4485,2021-12-04 21:00:00,12.332689
4486,2021-12-04 22:00:00,11.921246
4487,2021-12-04 23:00:00,11.489767
4488,2021-12-05 00:00:00,10.844852
4489,2021-12-05 01:00:00,10.842008
4490,2021-12-05 02:00:00,10.913359
4491,2021-12-05 03:00:00,11.189449
4492,2021-12-05 04:00:00,11.748583
4493,2021-12-05 05:00:00,12.246374
4494,2021-12-05 06:00:00,12.382172
4495,2021-12-05 07:00:00,12.339546
4496,2021-12-05 08:00:00,12.408222
4497,2021-12-05 09:00:00,12.489819
4498,2021-12-05 10:00:00,12.445244
4499,2021-12-05 11:00:00,12.393118
4500,2021-12-05 12:00:00,12.438684
4501,2021-12-05 13:00:00,12.551276
4502,2021-12-05 14:00:00,12.615122
4503,2021-12-05 15:00:00,12.71451
4504,2021-12-05 16:00:00,12.8775015
4505,2021-12-05 17:00:00,12.869549
4506,2021-12-05 18:00:00,12.620767
4507,2021-12-05 19:00:00,12.346593
4508,2021-12-05 20:00:00,12.225825
4509,2021-12-05 21:00:00,12.032694
4510,2021-12-05 22:00:00,11.615667
4511,2021-12-05 23:00:00,11.247742
4512,2021-12-06 00:00:00,11.437319
4513,2021-12-06 01:00:00,11.473951
4514,2021-12-06 02:00:00,11.522781
4515,2021-12-06 03:00:00,11.758009
4516,2021-12-06 04:00:00,12.245446
4517,2021-12-06 05:00:00,12.687326
4518,2021-12-06 06:00:00,12.826494
4519,2021-12-06 07:00:00,12.850807
4520,2021-12-06 08:00:00,12.955322
4521,2021-12-06 09:00:00,13.079639
4522,2021-12-06 10:00:00,13.0805
4523,2021-12-06 11:00:00,13.013176
4524,2021-12-06 12:00:00,13.043575
4525,2021-12-06 13:00:00,13.165406
4526,2021-12-06 14:00:00,13.199587
4527,2021-12-06 15:00:00,13.288378
4528,2021-12-06 16:00:00,13.451776
4529,2021-12-06 17:00:00,13.440031
4530,2021-12-06 18:00:00,13.233659
4531,2021-12-06 19:00:00,13.048269
4532,2021-12-06 20:00:00,13.017351
4533,2021-12-06 21:00:00,12.919094
4534,2021-12-06 22:00:00,12.618637
4535,2021-12-06 23:00:00,12.347662
4536,2021-12-07 00:00:00,12.3448715
4537,2021-12-07 01:00:00,12.438374
4538,2021-12-07 02:00:00,12.558422
4539,2021-12-07 03:00:00,12.834865
4540,2021-12-07 04:00:00,13.363939
4541,2021-12-07 05:00:00,13.823496
4542,2021-12-07 06:00:00,13.918146
4543,2021-12-07 07:00:00,13.851883
4544,2021-12-07 08:00:00,13.924896
4545,2021-12-07 09:00:00,14.027716
4546,2021-12-07 10:00:00,14.001392
4547,2021-12-07 11:00:00,13.953788
4548,2021-12-07 12:00:00,14.028109
4549,2021-12-07 13:00:00,14.174822
4550,2021-12-07 14:00:00,14.191671
4551,2021-12-07 15:00:00,14.223414
4552,2021-12-07 16:00:00,14.307242
4553,2021-12-07 17:00:00,14.188627
4554,2021-12-07 18:00:00,13.858377
4555,2021-12-07 19:00:00,13.562555
4556,2021-12-07 20:00:00,13.475508
4557,2021-12-07 21:00:00,13.336233
4558,2021-12-07 22:00:00,12.980528
4559,2021-12-07 23:00:00,12.6778965
4560,2021-12-08 00:00:00,12.538097
4561,2021-12-08 01:00:00,12.512318
4562,2021-12-08 02:00:00,12.484421
4563,2021-12-08 03:00:00,12.635186
4564,2021-12-08 04:00:00,13.0471
4565,2021-12-08 05:00:00,13.412425
4566,2021-12-08 06:00:00,13.472482
4567,2021-12-08 07:00:00,13.42808
4568,2021-12-08 08:00:00,13.517639
4569,2021-12-08 09:00:00,13.655368
4570,2021-12-08 10:00:00,13.6539
4571,2021-12-08 11:00:00,13.576326
4572,2021-12-08 12:00:00,13.580231
4573,2021-12-08 13:00:00,13.634998
4574,2021-12-08 14:00:00,13.608087
4575,2021-12-08 15:00:00,13.622822
4576,2021-12-08 16:00:00,13.7105055
4577,2021-12-08 17:00:00,13.635454
4578,2021-12-08 18:00:00,13.3611965
4579,2021-12-08 19:00:00,13.149029
4580,2021-12-08 20:00:00,13.143467
4581,2021-12-08 21:00:00,13.073231
4582,2021-12-08 22:00:00,12.760841
4583,2021-12-08 23:00:00,12.438552
4584,2021-12-09 00:00:00,12.344581
4585,2021-12-09 01:00:00,12.321653
4586,2021-12-09 02:00:00,12.347545
4587,2021-12-09 03:00:00,12.5901985
4588,2021-12-09 04:00:00,13.095779
4589,2021-12-09 05:00:00,13.564661
4590,2021-12-09 06:00:00,13.711214
4591,2021-12-09 07:00:00,13.663172
4592,2021-12-09 08:00:00,13.683897
4593,2021-12-09 09:00:00,13.771856
4594,2021-12-09 10:00:00,13.724958
4595,2021-12-09 11:00:00,13.633347
4596,2021-12-09 12:00:00,13.713177
4597,2021-12-09 13:00:00,13.745642
4598,2021-12-09 14:00:00,13.763309
4599,2021-12-09 15:00:00,13.803215
4600,2021-12-09 16:00:00,13.8222
4601,2021-12-09 17:00:00,13.714615
4602,2021-12-09 18:00:00,13.375954
4603,2021-12-09 19:00:00,13.12324
4604,2021-12-09 20:00:00,13.047209
4605,2021-12-09 21:00:00,12.9461
4606,2021-12-09 22:00:00,12.610508
4607,2021-12-09 23:00:00,12.202703
4608,2021-12-10 00:00:00,12.07885
4609,2021-12-10 01:00:00,12.099021
4610,2021-12-10 02:00:00,12.148656
4611,2021-12-10 03:00:00,12.3912945
4612,2021-12-10 04:00:00,12.899554
4613,2021-12-10 05:00:00,13.359346
4614,2021-12-10 06:00:00,13.481823
4615,2021-12-10 07:00:00,13.418609
4616,2021-12-10 08:00:00,13.46282
4617,2021-12-10 09:00:00,13.56455
4618,2021-12-10 10:00:00,13.539679
4619,2021-12-10 11:00:00,13.481434
4620,2021-12-10 12:00:00,13.541817
4621,2021-12-10 13:00:00,13.5876255
4622,2021-12-10 14:00:00,13.582283
4623,2021-12-10 15:00:00,13.608238
4624,2021-12-10 16:00:00,13.659431
4625,2021-12-10 17:00:00,13.567862
4626,2021-12-10 18:00:00,13.253403
4627,2021-12-10 19:00:00,12.987757
4628,2021-12-10 20:00:00,12.890615
4629,2021-12-10 21:00:00,12.747038
4630,2021-12-10 22:00:00,12.375675
4631,2021-12-10 23:00:00,11.985542
4416,2021-12-02 00:00:00,11.243446
4417,2021-12-02 01:00:00,11.198254
4418,2021-12-02 02:00:00,11.228258
4419,2021-12-02 03:00:00,11.484686
4420,2021-12-02 04:00:00,11.943385
4421,2021-12-02 05:00:00,12.325976
4422,2021-12-02 06:00:00,12.514082
4423,2021-12-02 07:00:00,12.5261
4424,2021-12-02 08:00:00,12.666128
4425,2021-12-02 09:00:00,12.84675
4426,2021-12-02 10:00:00,12.922043
4427,2021-12-02 11:00:00,12.878679
4428,2021-12-02 12:00:00,12.884462
4429,2021-12-02 13:00:00,12.939188
4430,2021-12-02 14:00:00,12.924093
4431,2021-12-02 15:00:00,13.007845
4432,2021-12-02 16:00:00,13.17836
4433,2021-12-02 17:00:00,13.176567
4434,2021-12-02 18:00:00,12.9174385
4435,2021-12-02 19:00:00,12.620161
4436,2021-12-02 20:00:00,12.459719
4437,2021-12-02 21:00:00,12.293112
4438,2021-12-02 22:00:00,11.889874
4439,2021-12-02 23:00:00,11.545089
4440,2021-12-03 00:00:00,11.35705
4441,2021-12-03 01:00:00,11.376646
4442,2021-12-03 02:00:00,11.440114
4443,2021-12-03 03:00:00,11.720657
4444,2021-12-03 04:00:00,12.253
4445,2021-12-03 05:00:00,12.7255945
4446,2021-12-03 06:00:00,12.867756
4447,2021-12-03 07:00:00,12.822418
4448,2021-12-03 08:00:00,12.876078
4449,2021-12-03 09:00:00,13.000439
4450,2021-12-03 10:00:00,13.011145
4451,2021-12-03 11:00:00,12.992416
4452,2021-12-03 12:00:00,13.057041
4453,2021-12-03 13:00:00,13.151831
4454,2021-12-03 14:00:00,13.139559
4455,2021-12-03 15:00:00,13.223684
4456,2021-12-03 16:00:00,13.3329115
4457,2021-12-03 17:00:00,13.297745
4458,2021-12-03 18:00:00,13.0261345
4459,2021-12-03 19:00:00,12.746309
4460,2021-12-03 20:00:00,12.58906
4461,2021-12-03 21:00:00,12.429811
4462,2021-12-03 22:00:00,12.095636
4463,2021-12-03 23:00:00,11.780158
4464,2021-12-04 00:00:00,11.382074
4465,2021-12-04 01:00:00,11.410791
4466,2021-12-04 02:00:00,11.505022
4467,2021-12-04 03:00:00,11.870176
4468,2021-12-04 04:00:00,12.540045
4469,2021-12-04 05:00:00,13.026176
4470,2021-12-04 06:00:00,13.210636
4471,2021-12-04 07:00:00,13.14843
4472,2021-12-04 08:00:00,13.231
4473,2021-12-04 09:00:00,13.277576
4474,2021-12-04 10:00:00,13.186739
4475,2021-12-04 11:00:00,13.102716
4476,2021-12-04 12:00:00,13.127349
4477,2021-12-04 13:00:00,13.18524
4478,2021-12-04 14:00:00,13.2210245
4479,2021-12-04 15:00:00,13.287479
4480,2021-12-04 16:00:00,13.454899
4481,2021-12-04 17:00:00,13.413453
4482,2021-12-04 18:00:00,13.153341
4483,2021-12-04 19:00:00,12.883329
4484,2021-12-04 20:00:00,12.716665
4485,2021-12-04 21:00:00,12.548678
4486,2021-12-04 22:00:00,12.177393
4487,2021-12-04 23:00:00,11.811918
4488,2021-12-05 00:00:00,11.23419
4489,2021-12-05 01:00:00,11.242498
4490,2021-12-05 02:00:00,11.2766285
4491,2021-12-05 03:00:00,11.512243
4492,2021-12-05 04:00:00,12.015139
4493,2021-12-05 05:00:00,12.413265
4494,2021-12-05 06:00:00,12.551308
4495,2021-12-05 07:00:00,12.517311
4496,2021-12-05 08:00:00,12.658335
4497,2021-12-05 09:00:00,12.781342
4498,2021-12-05 10:00:00,12.778551
4499,2021-12-05 11:00:00,12.685413
4500,2021-12-05 12:00:00,12.677643
4501,2021-12-05 13:00:00,12.797955
4502,2021-12-05 14:00:00,12.934036
4503,2021-12-05 15:00:00,13.063938
4504,2021-12-05 16:00:00,13.365297
4505,2021-12-05 17:00:00,13.260009
4506,2021-12-05 18:00:00,12.992058
4507,2021-12-05 19:00:00,12.739454
4508,2021-12-05 20:00:00,12.650209
4509,2021-12-05 21:00:00,12.59598
4510,2021-12-05 22:00:00,12.239689
4511,2021-12-05 23:00:00,11.91537
4512,2021-12-06 00:00:00,11.750999
4513,2021-12-06 01:00:00,11.749456
4514,2021-12-06 02:00:00,11.806032
4515,2021-12-06 03:00:00,12.059721
4516,2021-12-06 04:00:00,12.514696
4517,2021-12-06 05:00:00,12.844579
4518,2021-12-06 06:00:00,12.801088
4519,2021-12-06 07:00:00,12.651769
4520,2021-12-06 08:00:00,12.725243
4521,2021-12-06 09:00:00,12.903368
4522,2021-12-06 10:00:00,12.997155
4523,2021-12-06 11:00:00,13.019949
4524,2021-12-06 12:00:00,13.0725355
4525,2021-12-06 13:00:00,13.091741
4526,2021-12-06 14:00:00,13.112257
4527,2021-12-06 15:00:00,13.250637
4528,2021-12-06 16:00:00,13.5315075
4529,2021-12-06 17:00:00,13.653857
4530,2021-12-06 18:00:00,13.4567795
4531,2021-12-06 19:00:00,13.253988
4532,2021-12-06 20:00:00,13.18598
4533,2021-12-06 21:00:00,13.096315
4534,2021-12-06 22:00:00,12.764362
4535,2021-12-06 23:00:00,12.407459
4536,2021-12-07 00:00:00,12.394085
4537,2021-12-07 01:00:00,12.436979
4538,2021-12-07 02:00:00,12.568651
4539,2021-12-07 03:00:00,12.911009
4540,2021-12-07 04:00:00,13.502832
4541,2021-12-07 05:00:00,13.997003
4542,2021-12-07 06:00:00,14.014406
4543,2021-12-07 07:00:00,13.848613
4544,2021-12-07 08:00:00,13.829882
4545,2021-12-07 09:00:00,13.8684025
4546,2021-12-07 10:00:00,13.684292
4547,2021-12-07 11:00:00,13.520831
4548,2021-12-07 12:00:00,13.571241
4549,2021-12-07 13:00:00,13.673964
4550,2021-12-07 14:00:00,13.720718
4551,2021-12-07 15:00:00,13.823488
4552,2021-12-07 16:00:00,13.972294
4553,2021-12-07 17:00:00,13.961866
4554,2021-12-07 18:00:00,13.697779
4555,2021-12-07 19:00:00,13.459129
4556,2021-12-07 20:00:00,13.414726
4557,2021-12-07 21:00:00,13.310046
4558,2021-12-07 22:00:00,13.082573
4559,2021-12-07 23:00:00,12.759718
4560,2021-12-08 00:00:00,12.344238
4561,2021-12-08 01:00:00,12.31361
4562,2021-12-08 02:00:00,12.358718
4563,2021-12-08 03:00:00,12.652258
4564,2021-12-08 04:00:00,13.228785
4565,2021-12-08 05:00:00,13.705358
4566,2021-12-08 06:00:00,13.79019
4567,2021-12-08 07:00:00,13.670602
4568,2021-12-08 08:00:00,13.7129135
4569,2021-12-08 09:00:00,13.76268
4570,2021-12-08 10:00:00,13.673655
4571,2021-12-08 11:00:00,13.550726
4572,2021-12-08 12:00:00,13.59716
4573,2021-12-08 13:00:00,13.691435
4574,2021-12-08 14:00:00,13.747512
4575,2021-12-08 15:00:00,13.865517
4576,2021-12-08 16:00:00,14.070952
4577,2021-12-08 17:00:00,14.067205
4578,2021-12-08 18:00:00,13.763418
4579,2021-12-08 19:00:00,13.485823
4580,2021-12-08 20:00:00,13.403371
4581,2021-12-08 21:00:00,13.293992
4582,2021-12-08 22:00:00,12.909485
4583,2021-12-08 23:00:00,12.488165
4584,2021-12-09 00:00:00,12.476063
4585,2021-12-09 01:00:00,12.488409
4586,2021-12-09 02:00:00,12.461918
4587,2021-12-09 03:00:00,12.6510105
4588,2021-12-09 04:00:00,13.092418
4589,2021-12-09 05:00:00,13.484433
4590,2021-12-09 06:00:00,13.619547
4591,2021-12-09 07:00:00,13.532381
4592,2021-12-09 08:00:00,13.573812
4593,2021-12-09 09:00:00,13.612384
4594,2021-12-09 10:00:00,13.561811
4595,2021-12-09 11:00:00,13.423218
4596,2021-12-09 12:00:00,13.451181
4597,2021-12-09 13:00:00,13.644164
4598,2021-12-09 14:00:00,13.707132
4599,2021-12-09 15:00:00,13.77013
4600,2021-12-09 16:00:00,13.933623
4601,2021-12-09 17:00:00,13.818983
4602,2021-12-09 18:00:00,13.541733
4603,2021-12-09 19:00:00,13.264217
4604,2021-12-09 20:00:00,13.142526
4605,2021-12-09 21:00:00,13.094495
4606,2021-12-09 22:00:00,12.703369
4607,2021-12-09 23:00:00,12.3439045
4608,2021-12-10 00:00:00,12.222246
4609,2021-12-10 01:00:00,12.192103
4610,2021-12-10 02:00:00,12.2367935
4611,2021-12-10 03:00:00,12.504246
4612,2021-12-10 04:00:00,13.042408
4613,2021-12-10 05:00:00,13.436608
4614,2021-12-10 06:00:00,13.493071
4615,2021-12-10 07:00:00,13.357132
4616,2021-12-10 08:00:00,13.402476
4617,2021-12-10 09:00:00,13.410941
4618,2021-12-10 10:00:00,13.373627
4619,2021-12-10 11:00:00,13.319877
4620,2021-12-10 12:00:00,13.40087
4621,2021-12-10 13:00:00,13.559278
4622,2021-12-10 14:00:00,13.581301
4623,2021-12-10 15:00:00,13.636177
4624,2021-12-10 16:00:00,13.776575
4625,2021-12-10 17:00:00,13.765928
4626,2021-12-10 18:00:00,13.41367
4627,2021-12-10 19:00:00,13.158907
4628,2021-12-10 20:00:00,13.129803
4629,2021-12-10 21:00:00,13.068338
4630,2021-12-10 22:00:00,12.68285
4631,2021-12-10 23:00:00,12.323265
8784,2021-12-02 00:00:00,11.230436
8785,2021-12-02 01:00:00,11.286434
8786,2021-12-02 02:00:00,11.416059
8787,2021-12-02 03:00:00,11.730149
8788,2021-12-02 04:00:00,12.239973
8789,2021-12-02 05:00:00,12.700713
8790,2021-12-02 06:00:00,12.863811
8791,2021-12-02 07:00:00,12.8728
8792,2021-12-02 08:00:00,12.949149
8793,2021-12-02 09:00:00,13.016626
8794,2021-12-02 10:00:00,12.929413
8795,2021-12-02 11:00:00,12.801113
8796,2021-12-02 12:00:00,12.769737
8797,2021-12-02 13:00:00,12.789085
8798,2021-12-02 14:00:00,12.84447
8799,2021-12-02 15:00:00,12.981684
8800,2021-12-02 16:00:00,13.14179
8801,2021-12-02 17:00:00,13.095238
8802,2021-12-02 18:00:00,12.767286
8803,2021-12-02 19:00:00,12.477507
8804,2021-12-02 20:00:00,12.344342
8805,2021-12-02 21:00:00,12.141582
8806,2021-12-02 22:00:00,11.721277
8807,2021-12-02 23:00:00,11.30875
8808,2021-12-03 00:00:00,11.563535
8809,2021-12-03 01:00:00,11.566112
8810,2021-12-03 02:00:00,11.61569
8811,2021-12-03 03:00:00,11.851176
8812,2021-12-03 04:00:00,12.28269
8813,2021-12-03 05:00:00,12.623465
8814,2021-12-03 06:00:00,12.693943
8815,2021-12-03 07:00:00,12.621168
8816,2021-12-03 08:00:00,12.69528
8817,2021-12-03 09:00:00,12.809948
8818,2021-12-03 10:00:00,12.825193
8819,2021-12-03 11:00:00,12.774132
8820,2021-12-03 12:00:00,12.789672
8821,2021-12-03 13:00:00,12.830073
8822,2021-12-03 14:00:00,12.88587
8823,2021-12-03 15:00:00,12.985042
8824,2021-12-03 16:00:00,13.152477
8825,2021-12-03 17:00:00,13.116844
8826,2021-12-03 18:00:00,12.807892
8827,2021-12-03 19:00:00,12.51367
8828,2021-12-03 20:00:00,12.41501
8829,2021-12-03 21:00:00,12.3042755
8830,2021-12-03 22:00:00,11.958305
8831,2021-12-03 23:00:00,11.62726
8832,2021-12-04 00:00:00,11.428347
8833,2021-12-04 01:00:00,11.519042
8834,2021-12-04 02:00:00,11.713931
8835,2021-12-04 03:00:00,12.109514
8836,2021-12-04 04:00:00,12.689141
8837,2021-12-04 05:00:00,13.167911
8838,2021-12-04 06:00:00,13.312228
8839,2021-12-04 07:00:00,13.26437
8840,2021-12-04 08:00:00,13.251329
8841,2021-12-04 09:00:00,13.241317
8842,2021-12-04 10:00:00,13.126295
8843,2021-12-04 11:00:00,13.020355
8844,2021-12-04 12:00:00,13.045334
8845,2021-12-04 13:00:00,13.124472
8846,2021-12-04 14:00:00,13.166954
8847,2021-12-04 15:00:00,13.238594
8848,2021-12-04 16:00:00,13.343166
8849,2021-12-04 17:00:00,13.279904
8850,2021-12-04 18:00:00,12.987389
8851,2021-12-04 19:00:00,12.739909
8852,2021-12-04 20:00:00,12.638176
8853,2021-12-04 21:00:00,12.448288
8854,2021-12-04 22:00:00,12.061028
8855,2021-12-04 23:00:00,11.693138
8856,2021-12-05 00:00:00,11.509045
8857,2021-12-05 01:00:00,11.46797
8858,2021-12-05 02:00:00,11.489774
8859,2021-12-05 03:00:00,11.699751
8860,2021-12-05 04:00:00,12.111778
8861,2021-12-05 05:00:00,12.359224
8862,2021-12-05 06:00:00,12.38266
8863,2021-12-05 07:00:00,12.346246
8864,2021-12-05 08:00:00,12.492174
8865,2021-12-05 09:00:00,12.662642
8866,2021-12-05 10:00:00,12.706821
8867,2021-12-05 11:00:00,12.701595
8868,2021-12-05 12:00:00,12.775219
8869,2021-12-05 13:00:00,12.88098
8870,2021-12-05 14:00:00,12.960535
8871,2021-12-05 15:00:00,13.120411
8872,2021-12-05 16:00:00,13.365481
8873,2021-12-05 17:00:00,13.318268
8874,2021-12-05 18:00:00,13.008
8875,2021-12-05 19:00:00,12.699659
8876,2021-12-05 20:00:00,12.560253
8877,2021-12-05 21:00:00,12.416032
8878,2021-12-05 22:00:00,12.012339
8879,2021-12-05 23:00:00,11.614575
8880,2021-12-06 00:00:00,11.827644
8881,2021-12-06 01:00:00,11.734927
8882,2021-12-06 02:00:00,11.683243
8883,2021-12-06 03:00:00,11.836134
8884,2021-12-06 04:00:00,12.249705
8885,2021-12-06 05:00:00,12.590588
8886,2021-12-06 06:00:00,12.691675
8887,2021-12-06 07:00:00,12.646099
8888,2021-12-06 08:00:00,12.69192
8889,2021-12-06 09:00:00,12.754497
8890,2021-12-06 10:00:00,12.711862
8891,2021-12-06 11:00:00,12.647589
8892,2021-12-06 12:00:00,12.704441
8893,2021-12-06 13:00:00,12.8501625
8894,2021-12-06 14:00:00,13.028576
8895,2021-12-06 15:00:00,13.247876
8896,2021-12-06 16:00:00,13.503734
8897,2021-12-06 17:00:00,13.5127535
8898,2021-12-06 18:00:00,13.281998
8899,2021-12-06 19:00:00,13.073578
8900,2021-12-06 20:00:00,13.062569
8901,2021-12-06 21:00:00,13.014454
8902,2021-12-06 22:00:00,12.702261
8903,2021-12-06 23:00:00,12.363496
8904,2021-12-07 00:00:00,12.28793
8905,2021-12-07 01:00:00,12.465109
8906,2021-12-07 02:00:00,12.701035
8907,2021-12-07 03:00:00,13.094679
8908,2021-12-07 04:00:00,13.677733
8909,2021-12-07 05:00:00,14.157889
8910,2021-12-07 06:00:00,14.300066
8911,2021-12-07 07:00:00,14.267658
8912,2021-12-07 08:00:00,14.276447
8913,2021-12-07 09:00:00,14.268963
8914,2021-12-07 10:00:00,14.142524
8915,2021-12-07 11:00:00,14.016948
8916,2021-12-07 12:00:00,14.013012
8917,2021-12-07 13:00:00,14.074869
8918,2021-12-07 14:00:00,14.145176
8919,2021-12-07 15:00:00,14.279733
8920,2021-12-07 16:00:00,14.435118
8921,2021-12-07 17:00:00,14.388813
8922,2021-12-07 18:00:00,14.102528
8923,2021-12-07 19:00:00,13.815386
8924,2021-12-07 20:00:00,13.664174
8925,2021-12-07 21:00:00,13.47459
8926,2021-12-07 22:00:00,13.103317
8927,2021-12-07 23:00:00,12.771942
8928,2021-12-08 00:00:00,12.638031
8929,2021-12-08 01:00:00,12.553986
8930,2021-12-08 02:00:00,12.485023
8931,2021-12-08 03:00:00,12.564233
8932,2021-12-08 04:00:00,12.865985
8933,2021-12-08 05:00:00,13.125067
8934,2021-12-08 06:00:00,13.1633
8935,2021-12-08 07:00:00,13.079924
8936,2021-12-08 08:00:00,13.137834
8937,2021-12-08 09:00:00,13.201221
8938,2021-12-08 10:00:00,13.148139
8939,2021-12-08 11:00:00,13.085
8940,2021-12-08 12:00:00,13.1588745
8941,2021-12-08 13:00:00,13.281243
8942,2021-12-08 14:00:00,13.380957
8943,2021-12-08 15:00:00,13.497282
8944,2021-12-08 16:00:00,13.658576
8945,2021-12-08 17:00:00,13.604564
8946,2021-12-08 18:00:00,13.377506
8947,2021-12-08 19:00:00,13.220129
8948,2021-12-08 20:00:00,13.206718
8949,2021-12-08 21:00:00,13.142813
8950,2021-12-08 22:00:00,12.787476
8951,2021-12-08 23:00:00,12.403801
8952,2021-12-09 00:00:00,12.557928
8953,2021-12-09 01:00:00,12.5782585
8954,2021-12-09 02:00:00,12.6848755
8955,2021-12-09 03:00:00,12.953911
8956,2021-12-09 04:00:00,13.441054
8957,2021-12-09 05:00:00,13.819839
8958,2021-12-09 06:00:00,13.923594
8959,2021-12-09 07:00:00,13.874771
8960,2021-12-09 08:00:00,13.898154
8961,2021-12-09 09:00:00,13.954556
8962,2021-12-09 10:00:00,13.883421
8963,2021-12-09 11:00:00,13.805387
8964,2021-12-09 12:00:00,13.848015
8965,2021-12-09 13:00:00,13.942797
8966,2021-12-09 14:00:00,13.979252
8967,2021-12-09 15:00:00,14.110158
8968,2021-12-09 16:00:00,14.274599
8969,2021-12-09 17:00:00,14.173742
8970,2021-12-09 18:00:00,13.855394
8971,2021-12-09 19:00:00,13.58641
8972,2021-12-09 20:00:00,13.479378
8973,2021-12-09 21:00:00,13.3117285
8974,2021-12-09 22:00:00,12.967691
8975,2021-12-09 23:00:00,12.602009
8976,2021-12-10 00:00:00,12.146315
8977,2021-12-10 01:00:00,12.152757
8978,2021-12-10 02:00:00,12.241845
8979,2021-12-10 03:00:00,12.515344
8980,2021-12-10 04:00:00,13.0145035
8981,2021-12-10 05:00:00,13.435846
8982,2021-12-10 06:00:00,13.528733
8983,2021-12-10 07:00:00,13.47752
8984,2021-12-10 08:00:00,13.473091
8985,2021-12-10 09:00:00,13.47369
8986,2021-12-10 10:00:00,13.357302
8987,2021-12-10 11:00:00,13.234581
8988,2021-12-10 12:00:00,13.225702
8989,2021-12-10 13:00:00,13.268925
8990,2021-12-10 14:00:00,13.291866
8991,2021-12-10 15:00:00,13.411997
8992,2021-12-10 16:00:00,13.560718
8993,2021-12-10 17:00:00,13.497157
8994,2021-12-10 18:00:00,13.192353
8995,2021-12-10 19:00:00,12.911297
8996,2021-12-10 20:00:00,12.805595
8997,2021-12-10 21:00:00,12.646557
8998,2021-12-10 22:00:00,12.287472
8999,2021-12-10 23:00:00,11.91757
744,2021-12-02 00:00:00,11.365362
745,2021-12-02 01:00:00,11.273997
746,2021-12-02 02:00:00,11.226004
747,2021-12-02 03:00:00,11.56391
748,2021-12-02 04:00:00,12.0222225
749,2021-12-02 05:00:00,12.459517
750,2021-12-02 06:00:00,12.654924
751,2021-12-02 07:00:00,12.834141
752,2021-12-02 08:00:00,12.729744
753,2021-12-02 09:00:00,13.132246
754,2021-12-02 10:00:00,12.8694
755,2021-12-02 11:00:00,12.857883
756,2021-12-02 12:00:00,12.977424
757,2021-12-02 13:00:00,13.208443
758,2021-12-02 14:00:00,13.125461
759,2021-12-02 15:00:00,13.054016
760,2021-12-02 16:00:00,13.142627
761,2021-12-02 17:00:00,13.259426
762,2021-12-02 18:00:00,13.230787
763,2021-12-02 19:00:00,12.905483
764,2021-12-02 20:00:00,12.556089
765,2021-12-02 21:00:00,12.259644
766,2021-12-02 22:00:00,11.98185
767,2021-12-02 23:00:00,11.492031
768,2021-12-03 00:00:00,11.628144
769,2021-12-03 01:00:00,11.255713
770,2021-12-03 02:00:00,11.54573
771,2021-12-03 03:00:00,11.69549
772,2021-12-03 04:00:00,12.139239
773,2021-12-03 05:00:00,12.583446
774,2021-12-03 06:00:00,12.750368
775,2021-12-03 07:00:00,12.972618
776,2021-12-03 08:00:00,12.764414
777,2021-12-03 09:00:00,12.908291
778,2021-12-03 10:00:00,12.880596
779,2021-12-03 11:00:00,12.840792
780,2021-12-03 12:00:00,12.77169
781,2021-12-03 13:00:00,12.841566
782,2021-12-03 14:00:00,12.7658
783,2021-12-03 15:00:00,12.541822
784,2021-12-03 16:00:00,12.562702
785,2021-12-03 17:00:00,12.824522
786,2021-12-03 18:00:00,12.909386
787,2021-12-03 19:00:00,12.67135
788,2021-12-03 20:00:00,12.490963
789,2021-12-03 21:00:00,12.323807
790,2021-12-03 22:00:00,11.980366
791,2021-12-03 23:00:00,11.700357
792,2021-12-04 00:00:00,11.584269
793,2021-12-04 01:00:00,11.440672
794,2021-12-04 02:00:00,11.843537
795,2021-12-04 03:00:00,12.071085
796,2021-12-04 04:00:00,12.722936
797,2021-12-04 05:00:00,12.981468
798,2021-12-04 06:00:00,13.100742
799,2021-12-04 07:00:00,13.214421
800,2021-12-04 08:00:00,13.00649
801,2021-12-04 09:00:00,13.1286545
802,2021-12-04 10:00:00,13.155195
803,2021-12-04 11:00:00,13.184149
804,2021-12-04 12:00:00,13.303334
805,2021-12-04 13:00:00,13.432741
806,2021-12-04 14:00:00,13.592895
807,2021-12-04 15:00:00,13.45773
808,2021-12-04 16:00:00,13.388552
809,2021-12-04 17:00:00,13.45254
810,2021-12-04 18:00:00,13.426516
811,2021-12-04 19:00:00,13.303755
812,2021-12-04 20:00:00,13.111607
813,2021-12-04 21:00:00,12.954618
814,2021-12-04 22:00:00,12.8208885
815,2021-12-04 23:00:00,12.6585865
816,2021-12-05 00:00:00,11.800649
817,2021-12-05 01:00:00,11.455923
818,2021-12-05 02:00:00,11.571133
819,2021-12-05 03:00:00,11.948416
820,2021-12-05 04:00:00,12.307838
821,2021-12-05 05:00:00,12.586561
822,2021-12-05 06:00:00,12.751252
823,2021-12-05 07:00:00,12.716986
824,2021-12-05 08:00:00,12.798331
825,2021-12-05 09:00:00,12.897287
826,2021-12-05 10:00:00,12.673161
827,2021-12-05 11:00:00,12.70812
828,2021-12-05 12:00:00,12.697103
829,2021-12-05 13:00:00,12.946957
830,2021-12-05 14:00:00,13.077789
831,2021-12-05 15:00:00,13.10434
832,2021-12-05 16:00:00,13.083359
833,2021-12-05 17:00:00,13.222073
834,2021-12-05 18:00:00,12.944851
835,2021-12-05 19:00:00,12.738987
836,2021-12-05 20:00:00,12.635699
837,2021-12-05 21:00:00,12.405403
838,2021-12-05 22:00:00,12.398948
839,2021-12-05 23:00:00,11.951133
840,2021-12-06 00:00:00,11.8337145
841,2021-12-06 01:00:00,11.474391
842,2021-12-06 02:00:00,11.508044
843,2021-12-06 03:00:00,11.892323
844,2021-12-06 04:00:00,12.199569
845,2021-12-06 05:00:00,12.77478
846,2021-12-06 06:00:00,12.817455
847,2021-12-06 07:00:00,12.9251
848,2021-12-06 08:00:00,13.001877
849,2021-12-06 09:00:00,13.073538
850,2021-12-06 10:00:00,13.26656
851,2021-12-06 11:00:00,13.301575
852,2021-12-06 12:00:00,13.3850765
853,2021-12-06 13:00:00,13.39429
854,2021-12-06 14:00:00,13.651781
855,2021-12-06 15:00:00,13.637281
856,2021-12-06 16:00:00,13.54686
857,2021-12-06 17:00:00,13.569336
858,2021-12-06 18:00:00,13.485175
859,2021-12-06 19:00:00,13.350579
860,2021-12-06 20:00:00,13.070861
861,2021-12-06 21:00:00,12.879417
862,2021-12-06 22:00:00,12.773228
863,2021-12-06 23:00:00,12.382643
864,2021-12-07 00:00:00,12.208395
865,2021-12-07 01:00:00,12.276106
866,2021-12-07 02:00:00,12.629158
867,2021-12-07 03:00:00,12.85434
868,2021-12-07 04:00:00,12.900164
869,2021-12-07 05:00:00,13.151062
870,2021-12-07 06:00:00,13.274368
871,2021-12-07 07:00:00,13.387889
872,2021-12-07 08:00:00,13.240845
873,2021-12-07 09:00:00,13.195182
874,2021-12-07 10:00:00,13.339947
875,2021-12-07 11:00:00,13.314991
876,2021-12-07 12:00:00,13.52065
877,2021-12-07 13:00:00,13.382489
878,2021-12-07 14:00:00,13.614752
879,2021-12-07 15:00:00,13.544712
880,2021-12-07 16:00:00,13.279154
881,2021-12-07 17:00:00,13.215727
882,2021-12-07 18:00:00,12.984953
883,2021-12-07 19:00:00,12.748127
884,2021-12-07 20:00:00,12.746095
885,2021-12-07 21:00:00,12.831827
886,2021-12-07 22:00:00,12.5815325
887,2021-12-07 23:00:00,12.323248
888,2021-12-08 00:00:00,12.050364
889,2021-12-08 01:00:00,12.034241
890,2021-12-08 02:00:00,11.995988
891,2021-12-08 03:00:00,12.383144
892,2021-12-08 04:00:00,12.718634
893,2021-12-08 05:00:00,13.1925125
894,2021-12-08 06:00:00,13.265777
895,2021-12-08 07:00:00,13.319086
896,2021-12-08 08:00:00,13.496197
897,2021-12-08 09:00:00,13.652607
898,2021-12-08 10:00:00,13.594458
899,2021-12-08 11:00:00,13.605909
900,2021-12-08 12:00:00,13.870024
901,2021-12-08 13:00:00,13.884852
902,2021-12-08 14:00:00,14.0961075
903,2021-12-08 15:00:00,14.087078
904,2021-12-08 16:00:00,14.206278
905,2021-12-08 17:00:00,14.041048
906,2021-12-08 18:00:00,13.922758
907,2021-12-08 19:00:00,13.87892
908,2021-12-08 20:00:00,13.693413
909,2021-12-08 21:00:00,13.685497
910,2021-12-08 22:00:00,13.386603
911,2021-12-08 23:00:00,12.839857
912,2021-12-09 00:00:00,12.653252
913,2021-12-09 01:00:00,12.646341
914,2021-12-09 02:00:00,12.470735
915,2021-12-09 03:00:00,12.757174
916,2021-12-09 04:00:00,13.031035
917,2021-12-09 05:00:00,13.381707
918,2021-12-09 06:00:00,13.367906
919,2021-12-09 07:00:00,13.42026
920,2021-12-09 08:00:00,13.513699
921,2021-12-09 09:00:00,13.621218
922,2021-12-09 10:00:00,13.773428
923,2021-12-09 11:00:00,13.786367
924,2021-12-09 12:00:00,14.123606
925,2021-12-09 13:00:00,14.116887
926,2021-12-09 14:00:00,14.187899
927,2021-12-09 15:00:00,14.232533
928,2021-12-09 16:00:00,14.088814
929,2021-12-09 17:00:00,14.13286
930,2021-12-09 18:00:00,13.940707
931,2021-12-09 19:00:00,13.931309
932,2021-12-09 20:00:00,13.86963
933,2021-12-09 21:00:00,13.823193
934,2021-12-09 22:00:00,13.712409
935,2021-12-09 23:00:00,13.262612
936,2021-12-10 00:00:00,12.550224
937,2021-12-10 01:00:00,12.218841
938,2021-12-10 02:00:00,12.33111
939,2021-12-10 03:00:00,12.496508
940,2021-12-10 04:00:00,12.800131
941,2021-12-10 05:00:00,13.037636
942,2021-12-10 06:00:00,13.309021
943,2021-12-10 07:00:00,13.442087
944,2021-12-10 08:00:00,13.529163
945,2021-12-10 09:00:00,13.793295
946,2021-12-10 10:00:00,13.694994
947,2021-12-10 11:00:00,13.700155
948,2021-12-10 12:00:00,13.558142
949,2021-12-10 13:00:00,13.940647
950,2021-12-10 14:00:00,13.761168
951,2021-12-10 15:00:00,13.842328
952,2021-12-10 16:00:00,13.893957
953,2021-12-10 17:00:00,13.912045
954,2021-12-10 18:00:00,13.853747
955,2021-12-10 19:00:00,13.541952
956,2021-12-10 20:00:00,13.584089
957,2021-12-10 21:00:00,13.445126
958,2021-12-10 22:00:00,13.045532
959,2021-12-10 23:00:00,12.795454
8784,2021-12-02 00:00:00,11.41119
8785,2021-12-02 01:00:00,11.420038
8786,2021-12-02 02:00:00,11.51338
8787,2021-12-02 03:00:00,11.780252
8788,2021-12-02 04:00:00,12.247486
8789,2021-12-02 05:00:00,12.669833
8790,2021-12-02 06:00:00,12.847273
8791,2021-12-02 07:00:00,12.890404
8792,2021-12-02 08:00:00,12.958975
8793,2021-12-02 09:00:00,12.997804
8794,2021-12-02 10:00:00,12.9261265
8795,2021-12-02 11:00:00,12.840216
8796,2021-12-02 12:00:00,12.858046
8797,2021-12-02 13:00:00,12.939217
8798,2021-12-02 14:00:00,13.011587
8799,2021-12-02 15:00:00,13.123019
8800,2021-12-02 16:00:00,13.244657
8801,2021-12-02 17:00:00,13.211304
8802,2021-12-02 18:00:00,12.970207
8803,2021-12-02 19:00:00,12.69179
8804,2021-12-02 20:00:00,12.507363
8805,2021-12-02 21:00:00,12.263756
8806,2021-12-02 22:00:00,11.860165
8807,2021-12-02 23:00:00,11.492876
8808,2021-12-03 00:00:00,11.419056
8809,2021-12-03 01:00:00,11.456564
8810,2021-12-03 02:00:00,11.593603
8811,2021-12-03 03:00:00,11.91309
8812,2021-12-03 04:00:00,12.415666
8813,2021-12-03 05:00:00,12.842512
8814,2021-12-03 06:00:00,12.983509
8815,2021-12-03 07:00:00,12.961124
8816,2021-12-03 08:00:00,12.973924
8817,2021-12-03 09:00:00,12.981552
8818,2021-12-03 10:00:00,12.899578
8819,2021-12-03 11:00:00,12.819511
8820,2021-12-03 12:00:00,12.835327
8821,2021-12-03 13:00:00,12.887777
8822,2021-12-03 14:00:00,12.915333
8823,2021-12-03 15:00:00,12.990086
8824,2021-12-03 16:00:00,13.074549
8825,2021-12-03 17:00:00,12.988976
8826,2021-12-03 18:00:00,12.719045
8827,2021-12-03 19:00:00,12.473562
8828,2021-12-03 20:00:00,12.340552
8829,2021-12-03 21:00:00,12.144886
8830,2021-12-03 22:00:00,11.777235
8831,2021-12-03 23:00:00,11.4298725
8832,2021-12-04 00:00:00,11.516963
8833,2021-12-04 01:00:00,11.573365
8834,2021-12-04 02:00:00,11.7350025
8835,2021-12-04 03:00:00,12.096958
8836,2021-12-04 04:00:00,12.648207
8837,2021-12-04 05:00:00,13.099762
8838,2021-12-04 06:00:00,13.244234
8839,2021-12-04 07:00:00,13.2151785
8840,2021-12-04 08:00:00,13.207775
8841,2021-12-04 09:00:00,13.200864
8842,2021-12-04 10:00:00,13.106813
8843,2021-12-04 11:00:00,13.000109
8844,2021-12-04 12:00:00,12.977268
8845,2021-12-04 13:00:00,12.989655
8846,2021-12-04 14:00:00,13.004194
8847,2021-12-04 15:00:00,13.081868
8848,2021-12-04 16:00:00,13.179677
8849,2021-12-04 17:00:00,13.119358
8850,2021-12-04 18:00:00,12.854454
8851,2021-12-04 19:00:00,12.587391
8852,2021-12-04 20:00:00,12.4594555
8853,2021-12-04 21:00:00,12.28808
8854,2021-12-04 22:00:00,11.935892
8855,2021-12-04 23:00:00,11.606974
8856,2021-12-05 00:00:00,11.239462
8857,2021-12-05 01:00:00,11.201192
8858,2021-12-05 02:00:00,11.209007
8859,2021-12-05 03:00:00,11.378413
8860,2021-12-05 04:00:00,11.73694
8861,2021-12-05 05:00:00,12.064116
8862,2021-12-05 06:00:00,12.153355
8863,2021-12-05 07:00:00,12.154758
8864,2021-12-05 08:00:00,12.254161
8865,2021-12-05 09:00:00,12.369078
8866,2021-12-05 10:00:00,12.3992405
8867,2021-12-05 11:00:00,12.411911
8868,2021-12-05 12:00:00,12.488491
8869,2021-12-05 13:00:00,12.589669
8870,2021-12-05 14:00:00,12.697344
8871,2021-12-05 15:00:00,12.867118
8872,2021-12-05 16:00:00,13.033457
8873,2021-12-05 17:00:00,12.99505
8874,2021-12-05 18:00:00,12.724219
8875,2021-12-05 19:00:00,12.433199
8876,2021-12-05 20:00:00,12.237186
8877,2021-12-05 21:00:00,12.056395
8878,2021-12-05 22:00:00,11.73275
8879,2021-12-05 23:00:00,11.373463
8880,2021-12-06 00:00:00,11.771726
8881,2021-12-06 01:00:00,11.757457
8882,2021-12-06 02:00:00,11.806658
8883,2021-12-06 03:00:00,12.023041
8884,2021-12-06 04:00:00,12.435718
8885,2021-12-06 05:00:00,12.809004
8886,2021-12-06 06:00:00,12.944755
8887,2021-12-06 07:00:00,12.955307
8888,2021-12-06 08:00:00,13.020253
8889,2021-12-06 09:00:00,13.091827
8890,2021-12-06 10:00:00,13.073519
8891,2021-12-06 11:00:00,13.046094
8892,2021-12-06 12:00:00,13.10676
8893,2021-12-06 13:00:00,13.207036
8894,2021-12-06 14:00:00,13.303223
8895,2021-12-06 15:00:00,13.457003
8896,2021-12-06 16:00:00,13.635553
8897,2021-12-06 17:00:00,13.656868
8898,2021-12-06 18:00:00,13.485968
8899,2021-12-06 19:00:00,13.322615
8900,2021-12-06 20:00:00,13.262096
8901,2021-12-06 21:00:00,13.13233
8902,2021-12-06 22:00:00,12.818666
8903,2021-12-06 23:00:00,12.504904
8904,2021-12-07 00:00:00,12.381582
8905,2021-12-07 01:00:00,12.444624
8906,2021-12-07 02:00:00,12.576833
8907,2021-12-07 03:00:00,12.883202
8908,2021-12-07 04:00:00,13.368651
8909,2021-12-07 05:00:00,13.771819
8910,2021-12-07 06:00:00,13.901169
8911,2021-12-07 07:00:00,13.891247
8912,2021-12-07 08:00:00,13.936962
8913,2021-12-07 09:00:00,14.005609
8914,2021-12-07 10:00:00,13.999939
8915,2021-12-07 11:00:00,13.988847
8916,2021-12-07 12:00:00,14.054493
8917,2021-12-07 13:00:00,14.130428
8918,2021-12-07 14:00:00,14.170475
8919,2021-12-07 15:00:00,14.259111
8920,2021-12-07 16:00:00,14.378569
8921,2021-12-07 17:00:00,14.349115
8922,2021-12-07 18:00:00,14.117128
8923,2021-12-07 19:00:00,13.867977
8924,2021-12-07 20:00:00,13.723565
8925,2021-12-07 21:00:00,13.540263
8926,2021-12-07 22:00:00,13.199919
8927,2021-12-07 23:00:00,12.880201
8928,2021-12-08 00:00:00,12.782848
8929,2021-12-08 01:00:00,12.708253
8930,2021-12-08 02:00:00,12.618346
8931,2021-12-08 03:00:00,12.639784
8932,2021-12-08 04:00:00,12.853113
8933,2021-12-08 05:00:00,13.11255
8934,2021-12-08 06:00:00,13.2232685
8935,2021-12-08 07:00:00,13.253551
8936,2021-12-08 08:00:00,13.32379
8937,2021-12-08 09:00:00,13.319354
8938,2021-12-08 10:00:00,13.167415
8939,2021-12-08 11:00:00,13.027939
8940,2021-12-08 12:00:00,13.037454
8941,2021-12-08 13:00:00,13.144695
8942,2021-12-08 14:00:00,13.256395
8943,2021-12-08 15:00:00,13.399444
8944,2021-12-08 16:00:00,13.505243
8945,2021-12-08 17:00:00,13.426179
8946,2021-12-08 18:00:00,13.20882
8947,2021-12-08 19:00:00,13.073612
8948,2021-12-08 20:00:00,13.053976
8949,2021-12-08 21:00:00,12.93652
8950,2021-12-08 22:00:00,12.600401
8951,2021-12-08 23:00:00,12.234947
8952,2021-12-09 00:00:00,12.654636
8953,2021-12-09 01:00:00,12.572571
8954,2021-12-09 02:00:00,12.604153
8955,2021-12-09 03:00:00,12.865767
8956,2021-12-09 04:00:00,13.362684
8957,2021-12-09 05:00:00,13.799616
8958,2021-12-09 06:00:00,13.921946
8959,2021-12-09 07:00:00,13.860008
8960,2021-12-09 08:00:00,13.851338
8961,2021-12-09 09:00:00,13.882225
8962,2021-12-09 10:00:00,13.842175
8963,2021-12-09 11:00:00,13.804216
8964,2021-12-09 12:00:00,13.86165
8965,2021-12-09 13:00:00,13.946733
8966,2021-12-09 14:00:00,14.007099
8967,2021-12-09 15:00:00,14.110107
8968,2021-12-09 16:00:00,14.224497
8969,2021-12-09 17:00:00,14.151755
8970,2021-12-09 18:00:00,13.860773
8971,2021-12-09 19:00:00,13.565302
8972,2021-12-09 20:00:00,13.378948
8973,2021-12-09 21:00:00,13.171652
8974,2021-12-09 22:00:00,12.839752
8975,2021-12-09 23:00:00,12.504601
8976,2021-12-10 00:00:00,12.111015
8977,2021-12-10 01:00:00,12.056442
8978,2021-12-10 02:00:00,12.126151
8979,2021-12-10 03:00:00,12.409733
8980,2021-12-10 04:00:00,12.902692
8981,2021-12-10 05:00:00,13.334824
8982,2021-12-10 06:00:00,13.487739
8983,2021-12-10 07:00:00,13.465437
8984,2021-12-10 08:00:00,13.461893
8985,2021-12-10 09:00:00,13.447166
8986,2021-12-10 10:00:00,13.316139
8987,2021-12-10 11:00:00,13.171114
8988,2021-12-10 12:00:00,13.130568
8989,2021-12-10 13:00:00,13.145025
8990,2021-12-10 14:00:00,13.185354
8991,2021-12-10 15:00:00,13.322792
8992,2021-12-10 16:00:00,13.498146
8993,2021-12-10 17:00:00,13.492044
8994,2021-12-10 18:00:00,13.276558
8995,2021-12-10 19:00:00,13.054817
8996,2021-12-10 20:00:00,12.92054
8997,2021-12-10 21:00:00,12.693659
8998,2021-12-10 22:00:00,12.253536
8999,2021-12-10 23:00:00,11.796347
